time_tag,speed,density,temperature,bt,bz
2020-01-01 00:00:00,394.7961473251535,4.3601959977127915,110991.35920035034,5.4926404208447375,-1.1824959101769492
2020-01-01 01:00:00,398.40674247585235,4.5380853906669225,91358.52187523391,5.094092840191788,-0.9328996970557191
2020-01-01 02:00:00,397.49508209063305,4.516747769350157,115714.75610643948,4.793038070784674,-0.3641908375819273
2020-01-01 03:00:00,401.01659229870023,5.291797273839207,109099.80058772759,4.870106174928813,-0.14352559501815265
2020-01-01 04:00:00,394.0669431865497,4.977778561753449,102034.24608721168,4.8557160607515915,-1.2639602576959184
2020-01-01 05:00:00,403.27927494866077,4.120004225013468,85439.32628423983,5.391245466765889,0.10619995606929047
2020-01-01 06:00:00,394.3687344208676,5.196953167362192,101487.3690527377,5.205236465261294,2.0258837419389994
2020-01-01 07:00:00,385.2250717150544,5.290750858738651,106254.09366556481,5.239177656219747,1.1815595677654591
2020-01-01 08:00:00,400.0153467764623,4.911855039980058,110349.13036230118,4.966017203985511,0.12225575429246516
2020-01-01 09:00:00,398.65114607062253,5.278954325285123,110556.81508214623,4.8368645275271716,0.855662650882786
2020-01-01 10:00:00,389.2265964554921,5.970936316927986,100992.12140507507,5.3564215586699575,0.5204832710107868
2020-01-01 11:00:00,408.10728675950105,5.1506565771886805,113064.26194743173,5.331381259550597,1.5940065596285389
2020-01-01 12:00:00,407.59484338892895,5.038973104527516,99632.2703376257,4.926614912400921,1.428932555760176
2020-01-01 13:00:00,401.7485462272352,5.791418930241091,88538.41185373161,5.231890790743014,1.263382093291134
2020-01-01 14:00:00,414.4655087780256,5.293713124330857,93477.198859311,5.534289067302709,1.140409270795565
2020-01-01 15:00:00,413.15652910978565,5.5072136436595835,89672.84691355159,5.448267312258409,1.8373941161150262
2020-01-01 16:00:00,392.74146360292286,4.691295577452376,111142.12945787294,5.457869239833192,0.5161351188302825
2020-01-01 17:00:00,406.35683887771995,4.918496962194785,101129.18207457293,5.732746805001249,2.329887186784804
2020-01-01 18:00:00,409.428297378564,6.154573305616883,105065.34950526888,5.507257825359769,2.0685970395091164
2020-01-01 19:00:00,415.9924311154619,4.497442117379482,101742.48230034452,5.3221428387902066,1.316196571334317
2020-01-01 20:00:00,407.8247653666823,5.546997732956538,110963.6967103425,6.007405611999656,1.5435435006048963
2020-01-01 21:00:00,417.0875209219571,4.966048951756367,88792.72363354673,5.852862605393108,1.1686703978186113
2020-01-01 22:00:00,403.85415544169626,4.920422466271699,121653.27935130788,5.141619378434186,1.689699648801843
2020-01-01 23:00:00,393.7613753914427,5.096560284160045,103176.48978704734,5.424709546473671,1.6914758106657983
2020-01-02 00:00:00,402.35664572857854,4.522399466660428,98602.80917839044,5.45450371934577,2.315601870487905
2020-01-02 01:00:00,420.82814354903724,5.167409890892913,104906.54882775624,5.559255944618508,1.4632780716579714
2020-01-02 02:00:00,429.0891638646436,5.213783661615882,93692.68973622273,5.655566856988887,1.6224315264204932
2020-01-02 03:00:00,420.1612898172319,5.2884069928915824,90580.22816000262,4.673088685038942,0.8861209344225023
2020-01-02 04:00:00,410.31520497946394,5.5062450283815405,105854.0919094342,4.658441053023461,-0.008273157912240814
2020-01-02 05:00:00,439.3743205889706,6.204457488024652,110369.03409580147,5.85114639680818,0.7007637322532619
2020-01-02 06:00:00,398.4339255394264,6.090423896799452,110947.94926259197,5.480302506551013,0.9964626893642061
2020-01-02 07:00:00,403.52356781495894,5.454752809682155,105552.9094225072,5.8653039149698545,0.5308624631410158
2020-01-02 08:00:00,402.71771495797583,5.554434728928753,135199.5650710451,5.546396991280342,0.6586713894936744
2020-01-02 09:00:00,427.50031319711655,5.485010278502013,109055.68585615364,5.718631610760877,0.28824854513340176
2020-01-02 10:00:00,421.6691226885856,5.0752647452768915,117645.47895042255,5.8837369315489,-0.3306336183603912
2020-01-02 11:00:00,424.4380834782603,6.310150012368372,123475.28635767395,5.020327935352317,-0.3186399211208209
2020-01-02 12:00:00,422.9234518469124,6.352484217784195,111514.00988784787,5.378063400167955,-0.571446458685144
2020-01-02 13:00:00,420.174431321762,6.3864341692608475,105002.36761707641,5.7975371847064086,-1.1398528443105231
2020-01-02 14:00:00,416.94873358999536,5.541345093010414,98694.1578923352,6.231169480071867,-1.5914771364545945
2020-01-02 15:00:00,407.3663534552908,5.663448388897684,118866.04308409418,5.791051628948178,-0.5590332160339028
2020-01-02 16:00:00,416.5402795843714,5.733423605885372,105174.41375170012,6.257037959117262,-1.6592742352092467
2020-01-02 17:00:00,415.6322224288859,6.125321303287409,112475.11709463467,6.828905310577835,-2.2218951095914807
2020-01-02 18:00:00,424.68016025097813,5.582620188741072,111218.17337669632,6.198299201375935,-1.559350413213244
2020-01-02 19:00:00,441.33748342211067,6.5090765250781235,91127.50072369819,5.245660141858564,-0.8819033483040826
2020-01-02 20:00:00,416.220220300731,6.359568451281858,105600.44012716027,5.618822211760823,-1.167252658450634
2020-01-02 21:00:00,425.8316284298522,5.748375115637675,103861.46586400273,6.38351780900016,-2.164090616057735
2020-01-02 22:00:00,412.70814259367955,5.451036412293039,110464.3186437933,6.084884468727723,-2.1453430964612035
2020-01-02 23:00:00,421.09911850644767,5.918428742168764,116249.621082636,5.642359847159712,-2.1260314247521555
2020-01-03 00:00:00,421.79699979358224,5.877981164905813,101728.4379037343,6.380072244630077,-2.7550047570849134
2020-01-03 01:00:00,425.78591623027546,7.001960808818979,106031.32436321228,5.9939484172969655,-3.098126362546295
2020-01-03 02:00:00,417.6863591794292,6.191522062898501,117989.40591581172,5.554479494470528,-2.175489246472121
2020-01-03 03:00:00,428.6280923058565,6.29182970868767,102083.4193346481,6.094865723407615,-3.0777277737758775
2020-01-03 04:00:00,448.9245552462312,5.716893504784295,105252.65882153972,5.92827326633949,-2.470539941812082
2020-01-03 05:00:00,446.515613785256,7.516641361890594,104701.88239460632,5.451570190082074,-3.374946764455952
2020-01-03 06:00:00,420.2466486590571,5.706834747673307,101206.17380983099,4.991310950852956,-2.8011484232461266
2020-01-03 07:00:00,412.33482400467943,5.91435307678009,116204.92279558962,5.72106143256121,-2.9978775988171544
2020-01-03 08:00:00,408.1751271641637,5.247012819034841,109598.39053470541,6.268066032862794,-2.0711470388611604
2020-01-03 09:00:00,427.9318550069281,6.3067194136798514,118287.84562024254,6.258225103839109,-2.4140555023869985
2020-01-03 10:00:00,448.1950266122008,6.444919442194124,103812.98097246082,5.736930747650459,-1.9056918481674192
2020-01-03 11:00:00,427.9927604204787,6.28101947443205,114071.55893478524,6.238742563345952,-3.3167597305551952
2020-01-03 12:00:00,420.103757691774,5.51828359393133,109946.75828621803,6.581090909417176,-2.1991250178271344
2020-01-03 13:00:00,431.36939068565135,6.675231071057756,108311.59985270257,6.355582732105199,-1.5564604702508977
2020-01-03 14:00:00,437.89139926450423,7.0344970727861655,117899.69536314427,5.348269494469276,-1.3677418281214924
2020-01-03 15:00:00,433.7139892846694,6.566566713586904,107810.90794874812,6.350272827345458,-1.632488777884559
2020-01-03 16:00:00,425.4521922326283,5.8609344601856215,108399.52881746498,5.895180363586605,-1.9126259390760432
2020-01-03 17:00:00,406.8167406934828,5.610246821181032,128914.72551195974,5.693830731650913,-1.7268536994978283
2020-01-03 18:00:00,432.52973829620294,6.460474343234967,104673.18066214971,6.923903722636666,-1.5549537703823244
2020-01-03 19:00:00,430.87044676938166,5.919041648230095,119441.50403060521,7.066184845354249,-1.909372266010808
2020-01-03 20:00:00,428.2987145356637,6.49591719450776,118797.07963486691,6.051397827224657,-0.9933516272383333
2020-01-03 21:00:00,429.9249157672725,6.383343479916482,116471.58347984466,6.821337622509647,-0.4465883070054044
2020-01-03 22:00:00,438.63313976170207,6.210170499255338,106926.36566118029,6.144591632933207,-1.022895580007173
2020-01-03 23:00:00,419.9507872122507,6.655266855284302,120362.66100926127,6.688388112554299,-1.5893636887484401
2020-01-04 00:00:00,438.4232323141401,6.402015055787122,119945.73409887022,6.535544186735719,-0.10939327852979841
2020-01-04 01:00:00,441.83792586779623,6.239199189868892,112802.40617337149,6.1645430457247015,-0.4337160284194652
2020-01-04 02:00:00,418.5841361915667,6.087594968967144,114802.87029147102,6.9717912450792845,-0.029538937315126995
2020-01-04 03:00:00,421.77969503192236,6.874666256765625,100645.55782579382,6.752238976555418,-0.5675233645168444
2020-01-04 04:00:00,434.7479217519214,6.686844382357662,114561.34186845474,6.929575598150548,-0.4546239484306559
2020-01-04 05:00:00,427.9314419400155,6.555761513746484,120801.46426373343,7.154752601257668,-0.40901213538156234
2020-01-04 06:00:00,420.3485551653371,7.13475331147246,115463.59140170366,6.100063022326304,-0.03970339980931559
2020-01-04 07:00:00,431.5748939661089,6.345854234822571,115068.68808598153,7.1376888315151845,0.11325278350430135
2020-01-04 08:00:00,447.55613626535296,6.106193741524195,120438.62664636476,6.80594680551942,0.5649628546500644
2020-01-04 09:00:00,423.4107374384636,6.807007233954227,120796.47558274324,7.006147543061416,0.5336019127413738
2020-01-04 10:00:00,440.49026232600835,6.356813074358259,130252.27113241778,5.8663544756199535,0.20220310353508264
2020-01-04 11:00:00,440.4663536351334,5.9771817434449765,98341.57672671534,6.960085991181304,1.505032726637746
2020-01-04 12:00:00,438.96113207897224,6.768037888165286,122714.84211463347,7.035835725957726,0.8592296929168006
2020-01-04 13:00:00,443.67788154542785,6.970097061375365,110872.8872949892,6.2587881209724685,1.1420488412039123
2020-01-04 14:00:00,427.93986440594796,6.48509936571297,128677.90415681292,6.392120145638885,2.008126920750508
2020-01-04 15:00:00,434.01974632859714,6.491937471979198,122528.90386653072,6.942109924056283,0.9638971219637564
2020-01-04 16:00:00,445.5890725304075,6.68909922869812,140225.3452322957,6.60476615131339,1.1070210063410157
2020-01-04 17:00:00,437.94782225310183,6.389061331499968,110347.41536213162,7.334743204488744,1.1055881081256895
2020-01-04 18:00:00,445.769303125738,6.374935019384325,136262.2094999062,7.049887092581621,1.4953294325464306
2020-01-04 19:00:00,444.6683782615475,6.922342260625824,118294.9513035608,6.306188358576192,1.2036794556668495
2020-01-04 20:00:00,453.79715214614754,6.554802765873527,116655.72129292681,7.341993117363494,1.8536705285743467
2020-01-04 21:00:00,442.2199944644835,6.8953544889355625,123802.02009726103,6.416027079432229,1.9238699174623488
2020-01-04 22:00:00,442.8280410888777,7.099257920186102,121061.5205299649,5.700620300219532,1.3666306093866742
2020-01-04 23:00:00,454.1978209234191,6.975266546386204,108890.60125086141,6.764595514945408,0.6885373517385807
2020-01-05 00:00:00,448.0823687936788,6.679372383717037,108486.92209288594,6.59948612606753,0.8210872367842642
2020-01-05 01:00:00,447.731745792252,7.25294585451518,136257.40760503823,6.435907983366732,0.23246283529740808
2020-01-05 02:00:00,442.47746891602003,7.500895922235722,118038.84577787746,6.941565138657932,1.0413248644391957
2020-01-05 03:00:00,427.33332760616116,7.219142290750867,121396.5618403188,7.2671163485332375,0.9798931903422856
2020-01-05 04:00:00,438.5708020461489,6.903986411872285,131157.01994376167,7.252544949823917,1.0304762352790426
2020-01-05 05:00:00,429.1962447338477,6.1693341770691825,115191.99430050363,6.503353718142449,0.08921334915464008
2020-01-05 06:00:00,457.1666394353375,7.596489439344444,137455.97660928118,6.908666415121456,-0.07621899052984882
2020-01-05 07:00:00,436.6875164525503,7.257178483845632,116734.99719089436,7.313075230228092,0.14327256937765845
2020-01-05 08:00:00,432.5639765936125,6.937538507292894,104405.83483171719,6.374738020177811,-0.9604958471503812
2020-01-05 09:00:00,444.12479822245274,6.967349121633176,106645.42258277921,6.4498104213921,-0.25958781434486716
2020-01-05 10:00:00,449.7661606477772,7.28733089816706,113468.19544798201,7.93762552179783,-0.40407083266215527
2020-01-05 11:00:00,428.7978122087207,7.916724541533709,134243.39841812945,6.369620785932078,0.007704577935455592
2020-01-05 12:00:00,453.12952790964357,5.958391084949588,122599.89887730952,6.4433569948859155,-0.42789441022866187
2020-01-05 13:00:00,431.09866393141914,7.081198604031956,130845.47938086606,6.444534213005797,-1.0132745139747086
2020-01-05 14:00:00,441.7626614595684,6.14723108832121,101258.17678529557,6.396073425031332,-0.9150684288110295
2020-01-05 15:00:00,457.94815578396816,6.88202652012666,118521.98063163686,6.638371028860621,-1.1917075043744676
2020-01-05 16:00:00,443.7305168770128,6.313669138594389,115925.46208235133,6.708361925364802,-2.1415296118295903
2020-01-05 17:00:00,780.452039596229,34.90289977632735,293990.30488966795,6.180145338970226,-1.4173722560249291
2020-01-05 18:00:00,762.2620507226834,31.367743968470112,256929.76792752597,6.357342952271165,-1.5369864145444732
2020-01-05 19:00:00,710.1569586133933,27.55199081882156,244175.07530374176,7.135175518565515,-0.8269714655355445
2020-01-05 20:00:00,657.4681927342152,24.50665762099603,217772.46599806473,6.17674519626244,-1.9762308005707103
2020-01-05 21:00:00,634.4989491869392,21.8998219364324,200968.6090296726,7.257697124623109,-1.8873633387005382
2020-01-05 22:00:00,579.1497962052043,20.15905361698125,196564.11652074158,5.9212986402126315,-2.0081369356247505
2020-01-05 23:00:00,568.3168654018509,17.829894708669052,195101.48945777374,7.638584198411561,-2.304854418585546
2020-01-06 00:00:00,558.1465041620586,16.510958385711117,190736.88114445467,6.726209390947368,-2.8288473576637103
2020-01-06 01:00:00,527.4442601271512,15.117682401743057,170123.2192409196,7.147718864690447,-1.586319125494748
2020-01-06 02:00:00,512.7922011729638,12.760000151494921,157072.88172222622,7.668720363181713,-2.44514398334755
2020-01-06 03:00:00,510.46559205437995,13.306025354918267,160788.21120299838,6.325889431683781,-3.002695834913575
2020-01-06 04:00:00,497.9210749742857,11.924394556595917,179519.14432403026,7.234901957787191,-2.2843201406879268
2020-01-06 05:00:00,495.58052007951335,11.312730159190066,148347.6866293556,7.300437687626862,-3.462273276503788
2020-01-06 06:00:00,503.7470468047716,10.972773690845296,145649.60590440125,7.687358368023604,-1.453692906433017
2020-01-06 07:00:00,492.4453232888547,10.805496844831836,151999.19649365492,7.054174552840996,-2.273977319192684
2020-01-06 08:00:00,482.55418507237323,9.169184269269678,137627.4806575267,6.878356509418646,2.598386435890568
2020-01-06 09:00:00,476.6265980563545,9.535557795662404,119466.93938640674,6.964961343863354,3.3179460147284154
2020-01-06 10:00:00,479.444289867151,9.273075425309361,162621.02303827376,6.478256134665156,2.073666702039776
2020-01-06 11:00:00,471.71406886242045,8.568439545092582,133359.16917035094,7.1656133550060535,2.467609617299251
2020-01-06 12:00:00,463.8437351452462,8.742325757614557,135020.5091690846,6.469544972545158,2.568505360188955
2020-01-06 13:00:00,478.6879463330362,7.463735942812649,129695.73771153858,6.4431176544641495,1.8318772780630392
2020-01-06 14:00:00,459.59111422865925,8.188412855927437,123893.52156262743,7.526775429565302,2.265853609692058
2020-01-06 15:00:00,470.7653062306502,8.102847561150412,134545.8026204778,8.290150523557589,1.6218262006027393
2020-01-06 16:00:00,453.4479984617135,7.572507075428249,128225.98527517155,6.4888373132733435,1.9550252831221078
2020-01-06 17:00:00,452.55290869629846,7.905256893347774,141743.50134153527,6.159366300840691,-1.2565529936328657
2020-01-06 18:00:00,444.2258685200184,7.201807263984133,126054.31608368648,6.17446000983885,-1.1767245390182977
2020-01-06 19:00:00,443.11334448602474,7.561204295033258,125027.56308673312,6.742920256264166,-1.4698670299009384
2020-01-06 20:00:00,460.3588939074284,7.625032759309678,123100.40935484627,6.929076239872446,-1.1046260008998812
2020-01-06 21:00:00,449.32129947875893,7.709124913094098,128084.24665538859,7.061442603400121,-1.6755333970621034
2020-01-06 22:00:00,444.96094709794363,7.988716111022916,115111.75320377806,7.685624966968755,-0.935469788796677
2020-01-06 23:00:00,447.6604158140444,8.27536118139888,133727.8947563812,7.177644821564802,-1.0747097541404664
2020-01-07 00:00:00,459.41271383245424,6.729467828904585,135941.2038958539,7.1074924295342825,-0.2196119504189708
2020-01-07 01:00:00,455.32279258066154,7.474295195403297,109046.88906044516,7.394153752611577,-0.5915045506662647
2020-01-07 02:00:00,451.8634867739913,7.462022293669329,117469.16438719278,6.9363975513891285,-0.1563294854115665
2020-01-07 03:00:00,432.3372029834829,7.611857593820443,109993.02768783993,7.538420502794007,0.24870558092310224
2020-01-07 04:00:00,453.7499019699546,8.136199611305457,128562.45336058922,7.072757324173204,-0.04817586893311496
2020-01-07 05:00:00,442.37629063915136,7.326743212895012,114639.37957908527,7.512602985734168,1.3552634105244437
2020-01-07 06:00:00,460.5933356202911,7.435759222983083,123777.23111724023,6.629598451778821,0.7445683885713035
2020-01-07 07:00:00,431.51681597631756,7.069712150325025,132174.7656044692,7.145661594195665,-0.12688664897020907
2020-01-07 08:00:00,436.5608989952287,6.982747022132586,131997.47379626145,6.512183008330914,1.0747124007084994
2020-01-07 09:00:00,439.58764389698774,8.2445114751525,134348.86334979243,7.670938915798679,1.222702976959523
2020-01-07 10:00:00,433.03466766797555,7.63119620036028,128725.46862391534,7.143489762931285,0.3423430625039722
2020-01-07 11:00:00,436.2124769936112,6.396357817424004,133470.400949308,7.605105797499,0.8548923423827386
2020-01-07 12:00:00,437.36178125577504,6.970910008847977,138853.4397634114,7.9348407146750555,1.6147505093119816
2020-01-07 13:00:00,459.030735504122,7.5720603006120495,122251.07213293378,6.883605772911169,1.3474449602349543
2020-01-07 14:00:00,436.6339234003492,8.211409736066495,118276.33965009786,6.714880127384071,1.599151307810711
2020-01-07 15:00:00,452.13188561408134,8.185149290379938,140189.92632088947,7.633816526687415,1.8551525404814622
2020-01-07 16:00:00,443.194396362392,5.758874610608574,121025.87975735271,6.604203280310563,0.3295781774321198
2020-01-07 17:00:00,467.6775802053989,7.400841992502686,107583.34560125446,6.9270309102407674,2.2244864615345157
2020-01-07 18:00:00,459.82455164275035,7.609577003549259,123011.3488374603,6.712540486626274,1.483113626929342
2020-01-07 19:00:00,445.3421202383896,7.86816164651138,118958.54417129092,6.792475768953071,0.9036613344648189
2020-01-07 20:00:00,442.3386202671981,7.354178034605102,116888.22321579616,5.999532406542086,1.3184851208712385
2020-01-07 21:00:00,461.89824882504143,6.611051449729558,145276.48842496783,7.719969838187036,1.7865502376851405
2020-01-07 22:00:00,433.9295263424739,8.011273716083117,116196.21787297286,6.7001366057273675,0.5772191172606703
2020-01-07 23:00:00,460.04895908789746,6.8434553511104586,110890.31570631605,6.899567646981802,1.5864837801596137
2020-01-08 00:00:00,462.6125269101453,7.340011663147868,116160.97960145539,6.59703213354251,2.131711923415326
2020-01-08 01:00:00,451.44078294364436,8.203201190005807,122855.50403857676,6.764596476214874,1.5224922086361579
2020-01-08 02:00:00,456.6310620839603,7.359712985952609,114656.3252595328,7.677918049789449,1.1468722238707398
2020-01-08 03:00:00,450.32789461942923,8.30185793816984,147742.83291741248,7.180068234638957,0.21801414299190358
2020-01-08 04:00:00,477.83926528071623,7.444267258937088,112123.96101884099,6.5582368301495055,0.5752483193428686
2020-01-08 05:00:00,447.7860480803126,7.575454031132554,106028.08237588935,7.022857154361644,0.755475971362019
2020-01-08 06:00:00,432.3614897742488,7.06256342697672,126059.32295827508,7.375414014886332,0.13950750490118236
2020-01-08 07:00:00,436.0126335737123,8.23719579109828,132422.6833672719,6.5895613983119254,0.4661757300513567
2020-01-08 08:00:00,447.3476336758353,7.133166102441937,112014.91170774649,6.964684051353311,-0.22723649549300046
2020-01-08 09:00:00,432.9509878899865,7.5161816574348315,129587.09856303252,7.227280334215454,0.4294023201895587
2020-01-08 10:00:00,462.94357769891855,7.768542199819434,121749.67369146214,6.07980914443013,-0.1277761003015717
2020-01-08 11:00:00,431.12965931179497,7.833248775305314,130987.0246939155,7.631125433059522,-0.3409925686143947
2020-01-08 12:00:00,446.3657402015886,7.367245710939392,129996.41799002656,6.1371088048709135,-0.40566130899689645
2020-01-08 13:00:00,440.98931224221747,7.968701372714111,131685.91419766215,6.605941670517585,-1.6242573544529813
2020-01-08 14:00:00,454.1064668884065,7.01242628549461,115677.83028863049,7.045530043711185,0.38922170313355253
2020-01-08 15:00:00,459.2241091918651,7.692647007531323,128525.41529949487,6.871647616715686,-1.1201160440693905
2020-01-08 16:00:00,443.16940123353606,8.035522464276525,124053.69017789939,7.304621209703074,-1.3116139809657372
2020-01-08 17:00:00,445.8253972870997,8.223462716964764,133457.06050829592,7.001274168979938,-1.69917996160345
2020-01-08 18:00:00,446.76509916922356,7.109066144229423,117994.92442243124,6.581281714139881,-1.268397611286274
2020-01-08 19:00:00,447.83628773198274,7.99030209748536,117179.66396146281,6.538189511219561,-2.018634465691889
2020-01-08 20:00:00,464.2528560206385,7.29850376013156,115758.93834783089,7.329273987816395,-1.7429138631913683
2020-01-08 21:00:00,433.3613029739079,7.721303059985407,134873.06909650646,6.580539601238659,-2.2698733357105945
2020-01-08 22:00:00,451.95400321940696,7.1144747346565005,130865.6647619314,5.9203751816369925,-1.8310248105451403
2020-01-08 23:00:00,436.83538934359404,7.916939341980906,111909.80394967122,7.120054412852209,-2.8392407506425554
2020-01-09 00:00:00,466.2809715909147,8.224758741377446,134391.909555169,6.085800023568564,-1.8050768088566533
2020-01-09 01:00:00,420.85154525803483,7.359513914534169,136032.74089683243,6.680374473468352,-2.5690686278038553
2020-01-09 02:00:00,444.56676872387527,7.695301194876396,114178.62196658428,6.933587921748442,-2.2215167187983442
2020-01-09 03:00:00,454.5696875482923,8.088655749206866,115482.26241546926,6.114439559486249,-2.1535898146893646
2020-01-09 04:00:00,449.1236132403734,8.344542446118234,119975.90120924076,6.527837507569847,-2.8219574069835294
2020-01-09 05:00:00,458.08569058573926,7.5693451547924475,130318.43456114893,6.1915692636809645,-2.3165688983656025
2020-01-09 06:00:00,451.80612882089287,8.198550277226223,129300.2694359277,6.067940205521058,-2.603873143580614
2020-01-09 07:00:00,434.48332389643144,7.513978935121038,119909.70146622193,6.297509698796844,-2.395316620408743
2020-01-09 08:00:00,432.48812410802753,8.015464774591479,125796.14950848158,6.2591069014542695,-2.633164020955469
2020-01-09 09:00:00,450.2427623626798,6.3736570764726705,115169.73287234597,6.833769576991457,-2.1470406581142
2020-01-09 10:00:00,450.3519071273787,7.351865301292025,122276.69090868827,7.022313229298276,-2.603612191900795
2020-01-09 11:00:00,453.65319193233125,7.170172703172001,139253.86694750335,5.779369246936788,-3.051319282490998
2020-01-09 12:00:00,449.9155234160922,7.73317170614668,129107.1454973535,6.173938905210878,-2.417552934170111
2020-01-09 13:00:00,470.54784630921074,6.7077349576935354,126623.24781263244,7.160080298061615,-2.3940147488824466
2020-01-09 14:00:00,440.6278604791648,7.519831845654399,125028.70938905119,5.978418586026015,-1.927859337418661
2020-01-09 15:00:00,425.8731941004746,7.079847440257886,137687.36296739135,7.180838360118739,-2.034019675895178
2020-01-09 16:00:00,432.9362428126822,7.310278374234762,120144.73513779123,6.64339409265578,-1.7089895131120312
2020-01-09 17:00:00,453.11261030174353,7.297155917168247,130154.91432923211,6.01626878366051,-1.305152890551914
2020-01-09 18:00:00,448.8612477522627,6.328071512543339,114646.12798970868,6.676432727089969,-1.0968927699530548
2020-01-09 19:00:00,448.9470107639885,7.276331876620002,116881.35767679608,6.671855625877445,-1.1368720611036973
2020-01-09 20:00:00,438.5081161474226,7.973977746188408,119432.36905734989,6.849799239986754,-1.7681160429895246
2020-01-09 21:00:00,446.700276338333,7.454559411878569,125348.62462158102,6.380997510650335,-0.6618160334168381
2020-01-09 22:00:00,453.58224979505343,7.162840972892823,126293.31914745716,7.074447643340414,-0.5659362938558399
2020-01-09 23:00:00,457.4347139940074,6.978681674154676,112480.15565055965,6.630979408794295,-0.9042759807367236
2020-01-10 00:00:00,455.8787364359745,7.711198755569713,116003.18867956077,6.452333033883609,-0.2858759242763128
2020-01-10 01:00:00,449.16626661679385,7.505679833222676,111324.0076822187,6.444583685377806,-1.1016922093684514
2020-01-10 02:00:00,419.31966617185213,7.602077464220929,103439.3108785643,7.626766302777694,-0.9250683118403111
2020-01-10 03:00:00,417.7419747839372,7.592390847628996,118092.87153770291,6.639988663905478,0.09146857602689633
2020-01-10 04:00:00,458.5435006440877,7.146883590850312,117804.89296502384,6.548111623688156,0.8124710843313785
2020-01-10 05:00:00,434.8500521134308,7.261860056236325,127555.68394786105,5.928627347226689,0.9725187307843864
2020-01-10 06:00:00,443.0856283157745,7.751261715923978,116425.50485254088,6.196230362194127,0.15600117895468762
2020-01-10 07:00:00,441.6731595637526,6.551721975746679,117067.97816959959,5.64579503846967,0.44516804193365644
2020-01-10 08:00:00,437.594392494702,7.504359515503858,113308.06418788941,5.82033112939981,0.9057529056964443
2020-01-10 09:00:00,451.58357576475083,7.99955808628094,127521.39904005108,5.9690944651107145,1.3934319817476126
2020-01-10 10:00:00,447.391722025022,7.54101466305233,117125.5820872246,6.230058866824626,1.3002098837607932
2020-01-10 11:00:00,429.22486819783757,7.013478869938695,119974.44012208744,7.412750215835231,0.9757796459138834
2020-01-10 12:00:00,428.1717209029046,7.390326794490745,131707.99542072046,6.885661560965434,0.33586400321728493
2020-01-10 13:00:00,445.7903750950733,7.498785032896183,133790.71902584576,6.51018541261496,0.39742472072481916
2020-01-10 14:00:00,427.5902358531424,7.191615498104211,131976.30705414963,5.196734189391583,1.3317430777065475
2020-01-10 15:00:00,451.8413803033228,6.7490498153123255,123564.6064442621,6.111663303322855,1.7969428462223689
2020-01-10 16:00:00,442.94223567532595,7.615261221602174,115662.59522283984,6.525938974162216,1.2927810597697884
2020-01-10 17:00:00,454.4892467155386,8.334824839645874,130111.77843439089,6.377636500268651,1.8632489729358857
2020-01-10 18:00:00,426.83347530504653,6.859800473965925,117974.14679308212,5.72840193843628,1.0932173094296167
2020-01-10 19:00:00,434.56580136528135,7.433920293506933,121647.84045259887,7.102109443180065,1.6607302930256536
2020-01-10 20:00:00,448.7954453619887,7.508851862107149,130721.13794774101,6.675105815835702,1.3875533712275705
2020-01-10 21:00:00,453.91527616562263,6.4918663258251765,119870.13407262224,5.9765367690695514,1.0955084917695208
2020-01-10 22:00:00,430.46727195864213,6.856963659243896,116116.57284798805,5.629476228873131,1.3920033789153348
2020-01-10 23:00:00,435.96468816446287,7.441662609858347,118265.08624005111,5.768110771419659,1.0352488686623047
2020-01-11 00:00:00,436.12308491985095,7.116343576525077,124446.7629933655,5.931410746152617,1.3223927664336645
2020-01-11 01:00:00,455.9975151772566,7.399819293016662,131428.81535043212,6.710871723978529,2.4454806125158335
2020-01-11 02:00:00,465.5620419091349,7.283145968237333,119236.69139348874,6.639365870894531,0.8933495035128984
2020-01-11 03:00:00,465.74510069241524,7.822538114691939,135162.61682013975,5.182067588838322,0.8111012327535171
2020-01-11 04:00:00,485.49420495938244,5.989996796960409,136632.34183745016,6.036245246820347,1.0548923214912076
2020-01-11 05:00:00,500.041735436054,6.6217747795510435,145131.96873791175,6.23059738249014,0.27468238582921567
2020-01-11 06:00:00,516.229558060588,6.504403037145206,146952.62385978317,5.243044112766936,0.37614477369650734
2020-01-11 07:00:00,512.5222862729004,7.0907795888004195,161872.7029079973,6.222996554024924,-0.10534053888999545
2020-01-11 08:00:00,513.005328770326,6.595474329573232,161783.8013313096,5.465485860973192,0.27593569267939844
2020-01-11 09:00:00,551.5457271600314,4.7438309292613745,167884.3324301244,6.183362433372608,1.0300474606887229
2020-01-11 10:00:00,563.2484181526324,5.379843404921868,185608.70924138167,6.3769881348893644,-0.08475465013226997
2020-01-11 11:00:00,566.8915244500955,6.908534894630142,167880.3512926336,5.4208453803474965,-1.0826049458333908
2020-01-11 12:00:00,547.736446107826,6.211524564697489,187471.65272815293,6.147258666716596,0.41380448456413294
2020-01-11 13:00:00,541.6603947884623,6.556356206979012,158450.44328010804,5.897671410506634,-0.34568350797671993
2020-01-11 14:00:00,531.9213039416046,5.0834060508412175,153459.19828592762,5.808939762306723,-1.1566802793596955
2020-01-11 15:00:00,526.3166745526199,6.327493550914728,173425.5386680106,5.428030137748671,-0.843160842050179
2020-01-11 16:00:00,534.7802976270625,6.385924195381696,163819.10768904572,5.78626723397863,-1.2301684053771476
2020-01-11 17:00:00,517.2673227323992,7.188533619544552,155898.64643360296,6.423635782159562,-1.1543915453499063
2020-01-11 18:00:00,498.0412240120815,5.382529549033975,146648.24579540046,5.677302790503402,-1.5841047627071454
2020-01-11 19:00:00,517.0643208243871,5.845545404341892,147658.9635311327,5.807625655753406,-1.6257621956089108
2020-01-11 20:00:00,494.66044974978644,6.0376935452945375,147360.49870103688,5.481247331105865,-1.6294014357395865
2020-01-11 21:00:00,497.3770216806326,5.7099139094756595,158634.08140372665,5.355490967936211,-1.495549722003031
2020-01-11 22:00:00,496.5007576461736,6.280566963698257,149745.76352439038,4.709891403113379,-1.4293516053531012
2020-01-11 23:00:00,489.03700738631727,7.030321321451277,148609.6015726337,5.237470256225869,-0.29156961418157756
2020-01-12 00:00:00,486.3473153633132,6.557732823661542,136672.98315166993,4.785032604181215,-1.9819080060022565
2020-01-12 01:00:00,481.0680111287773,5.873577346222779,128440.00671518862,5.682670944386615,-2.3377555575618225
2020-01-12 02:00:00,493.510034493649,6.326079764227457,135539.84655256916,5.347599562549476,-1.891430259474846
2020-01-12 03:00:00,521.7667027021034,6.213910984274396,132926.9152854033,5.683525596699097,-2.3104690273966586
2020-01-12 04:00:00,521.9726008426594,5.4304376519455,166838.67276288237,5.448612992157372,-0.7680372991823075
2020-01-12 05:00:00,540.1723852334036,5.240531424351944,177082.47270550946,5.7157799161178575,-2.051685628640042
2020-01-12 06:00:00,555.1726903687315,5.670640364445703,190549.372368456,5.675992834276741,-1.7938629436100415
2020-01-12 07:00:00,567.2375277657692,5.075470724961242,191407.95594493626,5.026869513700105,-1.4545895305551475
2020-01-12 08:00:00,585.51440238699,5.9655594887974015,203876.12883906323,5.406953547060583,-2.4313142209078764
2020-01-12 09:00:00,599.3357207058345,4.798014314323067,210021.0424077963,5.595291068849813,-2.711098831753813
2020-01-12 10:00:00,618.4905706268472,4.685487686820681,221171.93182723018,5.342071074081728,-2.7488875532288364
2020-01-12 11:00:00,645.3307618093444,4.8788654166501315,214977.7169568309,5.940907788469697,-1.983207769938807
2020-01-12 12:00:00,618.9033625604887,4.442611976170705,223278.5095165158,4.888372008369516,-1.6051623391950849
2020-01-12 13:00:00,604.675925331855,4.155151735631755,212446.42902733386,4.935142386193367,-1.6392182776378548
2020-01-12 14:00:00,566.8533959998382,5.342333940063868,176105.31839592382,4.919208954052195,-1.9952600464137145
2020-01-12 15:00:00,552.6171848690957,5.3050731971766,186414.76123583133,5.057361788108444,-1.8793162278460775
2020-01-12 16:00:00,531.1682986317812,6.117844263299054,157685.4723937118,5.1019231359519415,-1.9302569854871936
2020-01-12 17:00:00,500.099900044585,5.467834058735004,172486.06880940832,5.1372288241082185,-1.8195171334889788
2020-01-12 18:00:00,497.8740549712267,6.357570809113811,170884.02268895146,5.203773636787805,-1.2732200500792765
2020-01-12 19:00:00,478.6548976466677,6.794069028854057,134196.79309230103,3.8528382017675566,-1.345608401952015
2020-01-12 20:00:00,491.92056510799614,6.290546060785004,147092.05101793402,5.171987570627084,-0.27029731873825025
2020-01-12 21:00:00,461.91095179716484,5.644384281547554,134095.1289767649,4.818998391682918,-1.1327787040313038
2020-01-12 22:00:00,471.1222571586893,6.556938202263215,129052.39370302379,5.492531596171011,-0.3510065117668746
2020-01-12 23:00:00,456.23961959356683,6.800579859437487,139465.31969483674,4.5189357668487045,-0.7803705210292038
2020-01-13 00:00:00,439.39870951683474,6.703656801360026,115350.49851967327,4.8560393612784045,-0.5595165718384479
2020-01-13 01:00:00,453.4687542548629,6.063991589976572,126189.08714182152,4.546818256808807,0.8026119670994393
2020-01-13 02:00:00,436.53755350234866,5.9443220980374125,118518.90865167335,5.749687648290889,0.09623576044743526
2020-01-13 03:00:00,433.73567610932224,6.406450378559614,117679.86813383203,4.822122153161429,-0.3808596378075822
2020-01-13 04:00:00,426.9939443237974,6.55182161885965,124043.16462624792,4.593178954235538,0.34573693917552056
2020-01-13 05:00:00,433.46459537132233,6.978633921598096,115277.42362733232,5.428438869751166,0.27060304118666834
2020-01-13 06:00:00,432.88511261871304,5.698035518143662,112585.04364474227,4.819453083167071,0.603261508416945
2020-01-13 07:00:00,423.44085378669575,6.364372619900084,117159.82746540959,4.597341957963836,0.8600830683732933
2020-01-13 08:00:00,401.4731669949314,6.51396589125642,119777.39298009124,5.373475441986747,0.8175884723486184
2020-01-13 09:00:00,422.4063787378238,6.5804901681831645,121006.18407671865,4.036755582852319,1.4038536500728132
2020-01-13 10:00:00,421.79762770717946,6.073622493429173,106509.7926494647,4.204000376251002,0.9056311412476746
2020-01-13 11:00:00,418.52642223612804,6.201672659418942,113250.00545519857,4.819227587041364,1.1990881939458653
2020-01-13 12:00:00,418.419976834701,7.085996007189304,108169.35884894361,5.0843723988984,1.8372431995669565
2020-01-13 13:00:00,408.4026164205188,6.362775709606046,121398.2551343473,4.579826399356562,0.8830038618993001
2020-01-13 14:00:00,419.8427662294797,5.7563316744798,103285.46450657268,4.871116166745127,1.248008191892727
2020-01-13 15:00:00,394.2656182856466,6.278401715720084,129742.81876881854,4.87892222927384,1.7440396121493742
2020-01-13 16:00:00,416.7506704014836,5.659375129957297,102110.90832495342,4.713907210198073,2.5219527915912883
2020-01-13 17:00:00,416.6510140185892,5.333188047938714,94438.358050325,4.7056739776514505,1.4622140957991894
2020-01-13 18:00:00,404.93587307640195,6.12061545845924,87887.93890593629,4.485228418746462,1.6195667361515733
2020-01-13 19:00:00,412.83048309911067,6.320602743091075,117123.20872854801,5.306415526367361,2.086728946883079
2020-01-13 20:00:00,417.1668294401916,5.9140690339059026,95359.14760115047,4.576734558300481,1.4101571930879455
2020-01-13 21:00:00,406.582387054197,6.442158194140092,92841.52076181052,4.387088589897129,2.185476459305072
2020-01-13 22:00:00,421.95476299080775,6.86050217484878,94124.34167860422,5.363772260008451,0.6904524699039238
2020-01-13 23:00:00,413.98194001738597,6.967514067611878,117739.16162261377,4.772186619566767,1.0648302452067053
2020-01-14 00:00:00,405.2996794923065,5.59203437643391,124028.67848005681,4.66238713320314,0.8641400046576996
2020-01-14 01:00:00,397.1132865042137,5.576764876505641,122461.78932690027,4.309330702242102,1.062667764699885
2020-01-14 02:00:00,399.34542570585813,6.679981427001156,99915.97992109392,3.9302334545944304,2.0374989205964207
2020-01-14 03:00:00,600.1545741327116,18.61507866147366,208572.92271485395,3.8565981225242405,0.9071659860663887
2020-01-14 04:00:00,582.7210325723928,17.750961525656056,182927.04927287906,4.356409771773494,1.395070424026883
2020-01-14 05:00:00,586.2318496897877,16.185794344392576,167314.79070767283,5.133383609980262,1.6986237061712284
2020-01-14 06:00:00,538.9879575640829,14.865185738480323,169038.85909980198,5.106508197743101,1.1614312762525905
2020-01-14 07:00:00,516.0416209816948,13.956919038230454,168626.22955842395,4.473867677679263,0.1588332232770601
2020-01-14 08:00:00,517.7865222004388,13.151351144226155,150882.6720263213,4.816076079524769,-0.12295944504789769
2020-01-14 09:00:00,490.4763759224454,12.906564930861382,147206.72644867474,4.3599058054080535,0.24091786524659414
2020-01-14 10:00:00,469.44388076947024,11.174414589638772,128969.43524015036,3.9956565456872384,0.2606877678434694
2020-01-14 11:00:00,464.0419477579097,10.84795549815273,140759.5219192402,3.6553931701042837,0.3727487655873491
2020-01-14 12:00:00,459.6123063312501,10.183626753256577,140150.45032395667,3.379356963029671,-0.4000480835775605
2020-01-14 13:00:00,466.65743776301724,9.646083415627983,125847.25756045306,4.103245450126914,0.12782032448664415
2020-01-14 14:00:00,460.7423700226744,8.11353545725801,137099.1475649272,4.114877978661847,-0.34425578453152905
2020-01-14 15:00:00,439.42708831314997,8.354328055630187,108593.0167813935,4.653576970707676,-0.6783330397063364
2020-01-14 16:00:00,431.73458247190234,8.112828850080847,126361.22551455001,4.566589530890966,-1.0320457139938832
2020-01-14 17:00:00,427.38598226781295,8.282662219701182,101085.84291336288,3.8924370897942344,-1.418490497649727
2020-01-14 18:00:00,432.3001680747419,7.641250765395001,114299.44921584956,3.7163062499787305,-1.4810840676219943
2020-01-14 19:00:00,439.87438223473623,7.753535646977341,101582.1041656805,4.474080580983273,-2.312174831152726
2020-01-14 20:00:00,425.5889501850191,7.364534467277116,113595.80796114512,3.9577358679691037,-1.558567316182312
2020-01-14 21:00:00,416.22314140975095,7.329090360893309,110565.08171702122,4.148233410605981,-0.5971380959023884
2020-01-14 22:00:00,431.7335208951214,7.010944536206666,109940.67560044915,4.139976508193212,-0.6773971558508798
2020-01-14 23:00:00,396.08375223864914,6.643146547172643,108926.32326626957,3.6971959488321477,-1.0019245555231215
2020-01-15 00:00:00,416.05449348651103,6.529005826547786,86403.34152086356,4.652605266929115,-2.5230031254280494
2020-01-15 01:00:00,407.45820702178776,6.761530001055227,109293.5171354762,4.257724807531909,-2.0060819377571137
2020-01-15 02:00:00,402.9893607886497,6.194094739931051,113224.8795498992,3.28652115854972,-2.1946485922239747
2020-01-15 03:00:00,395.6125698090621,6.738413963222252,91341.66521058296,4.458750927686221,-2.827436925253999
2020-01-15 04:00:00,412.70076432914556,6.055874129106421,98247.9938029166,4.1874039526125975,-1.414025056467457
2020-01-15 05:00:00,405.43708797745956,6.208442554160664,96539.47817400444,4.59214503057788,-2.347890780192601
2020-01-15 06:00:00,405.79649320418804,6.4457593545964755,97461.51245724295,4.2430919875047515,-2.187026155975552
2020-01-15 07:00:00,391.83370367482127,5.336192413304827,110087.12530816732,4.42092452640469,-2.3571601047793846
2020-01-15 08:00:00,400.5245266712789,5.5342402010735725,97347.82646148495,4.124948290103531,-2.5704324362702264
2020-01-15 09:00:00,385.90068951954663,6.35287117318559,97039.25268231278,4.223988450384004,-2.641357883632693
2020-01-15 10:00:00,379.4860777815395,5.9597748888392195,118298.298384251,3.4821770866840906,-1.9805529308341605
2020-01-15 11:00:00,406.85577790566316,5.7830513303014905,106763.2101488252,4.001289284761284,-2.56854118606836
2020-01-15 12:00:00,384.27430468628364,6.089064751649617,97333.01519100157,3.154901914981587,-2.5652269055873065
2020-01-15 13:00:00,407.3953620820046,5.975668090763929,109190.12865012643,3.2983490334496626,-1.6138999240282774
2020-01-15 14:00:00,381.53169571488064,3.5595193144370425,83123.92807470553,4.014549498933813,-2.784482890460555
2020-01-15 15:00:00,392.0341902802376,6.481448918116573,82825.76355257473,4.4581193009924425,-1.8168055612725524
2020-01-15 16:00:00,386.8203113028111,4.838194726281436,95818.88198174053,3.798895476263164,-2.0439889648030287
2020-01-15 17:00:00,381.013640807954,4.742109682125676,109839.58629845137,4.934705097010953,-1.0829368324006525
2020-01-15 18:00:00,387.45274517373304,4.840394349049118,97119.25755467899,4.285001680303808,-2.089059959877367
2020-01-15 19:00:00,373.3070887034339,5.009110977442253,89723.44139863426,2.9578646422842785,-1.477323590158721
2020-01-15 20:00:00,397.22459495727895,4.8957111707575365,77863.34546499803,3.113783565053164,-1.970814344651663
2020-01-15 21:00:00,387.47761730188273,4.920060935168211,88084.07603751219,3.7516649697316207,-1.154777619919439
2020-01-15 22:00:00,387.2258807907449,5.310910825195042,115205.9433103049,3.945665475952596,-0.2620999769022426
2020-01-15 23:00:00,380.51039609605533,4.707019801763894,89518.68615000353,4.120206900204986,-1.3583805180707595
2020-01-16 00:00:00,374.2731911713859,4.677613167339068,110020.12296818019,4.743744750512893,0.04504781214693354
2020-01-16 01:00:00,375.7401930560883,4.663473150417891,100345.9573307422,3.6546232877580547,-0.552223465420968
2020-01-16 02:00:00,391.3129148553786,5.101933247168263,96354.56713177587,3.108150995274779,0.48226368587113616
2020-01-16 03:00:00,393.05166315441596,5.268646239665904,76286.74914624568,3.8068334663931793,-0.3208084297440662
2020-01-16 04:00:00,397.042375735075,5.052460813458907,80562.94162844351,3.8870226822081126,0.3091874578574577
2020-01-16 05:00:00,374.17942181261975,4.254906283679165,82404.20248572192,3.4349369531388536,0.3150294691717201
2020-01-16 06:00:00,381.72675700509694,5.131932156742648,85168.6818557145,3.4596130424725966,0.765444855699124
2020-01-16 07:00:00,392.36970266326085,4.6639482970939214,90343.81639295243,4.209569274206988,-0.068120673673432
2020-01-16 08:00:00,388.1028074490292,5.032387402373158,89809.97086117101,2.707295153249203,1.348060354976413
2020-01-16 09:00:00,385.76773110462847,5.875626313645265,78814.5642274016,3.205384782790901,0.37508799599164433
2020-01-16 10:00:00,369.2645084955134,3.780443372786112,78641.67141814588,3.414450156213548,1.5220377957676337
2020-01-16 11:00:00,385.10425471919245,4.235859826049891,83692.6602909714,4.224480414965687,1.2898616871000694
2020-01-16 12:00:00,380.78476907601805,5.914648367092929,101854.23717026455,4.676618569787653,1.4491062382310818
2020-01-16 13:00:00,370.9305038841062,4.711844791119179,95704.12187036611,4.1453039756135865,1.4664577429683527
2020-01-16 14:00:00,393.0516143655106,3.873645449716429,85020.84414508876,3.6669053078179434,1.7148380710579678
2020-01-16 15:00:00,393.65434346446585,5.290571595476096,112623.33151446492,3.1939619615579833,1.6732450985118539
2020-01-16 16:00:00,379.16066421253606,4.958124389085444,79546.56641016586,3.5675083512410586,1.71869919958551
2020-01-16 17:00:00,390.4419633308198,4.9938276843064875,62318.42754212286,3.6511909120175408,1.7522757243281577
2020-01-16 18:00:00,369.7262614923595,4.683073501834816,63775.3235811942,3.37104437388145,1.561609043554753
2020-01-16 19:00:00,364.91630267408885,5.368693692930059,82712.2186020842,4.04739346628281,0.4653463942817124
2020-01-16 20:00:00,360.77640081403445,4.243894619583017,106175.66435638547,3.48166462647422,1.8766823554151602
2020-01-16 21:00:00,375.93530619530947,4.627601799155542,83309.06003989016,2.9837700561703278,1.1312677858868518
2020-01-16 22:00:00,373.92896451321866,4.072876418103011,92895.02511201128,3.644924076389424,1.2327223806871983
2020-01-16 23:00:00,367.35401199788583,4.632809931655363,90405.0298565487,4.043324907780949,1.684577698455457
2020-01-17 00:00:00,360.58750008679556,5.090621253753018,82271.52466194028,3.704913265309078,1.0226645443943987
2020-01-17 01:00:00,364.0566680622062,4.295896173934522,85080.9166226481,3.3619085125208863,1.8397360607697406
2020-01-17 02:00:00,360.2794586515387,3.7859062417624503,90987.22788964013,3.1065270033344836,0.908988812043587
2020-01-17 03:00:00,385.3711763993315,4.970022340067907,99264.98175496858,3.8205710863235725,0.3541590760742698
2020-01-17 04:00:00,415.0494903423184,3.7406234314134386,106247.05741802393,2.1119100933632335,1.5449266647287263
2020-01-17 05:00:00,443.32500170642254,4.777810525862895,107756.0251227826,2.6369241323532258,0.7225922532072195
2020-01-17 06:00:00,448.9238990057311,3.7464527165109556,131970.51752841854,3.1356071257942015,0.5831235839537633
2020-01-17 07:00:00,499.92377916370395,3.2814417344497326,147316.22663609957,3.7394452251574846,0.4292875878244551
2020-01-17 08:00:00,506.8623791404082,1.9165773330573903,157374.26464177403,2.6484733715393665,0.5623195884289893
2020-01-17 09:00:00,523.3251991964044,3.374674614936469,153116.57487380248,3.782807847415352,-0.19651201601862014
2020-01-17 10:00:00,561.1429727485261,2.7774048300995395,197460.86569331895,3.8799647713438743,0.20730847473264613
2020-01-17 11:00:00,596.2686181862402,2.270135317430003,191629.02243344404,3.219027534729323,-0.881776686003193
2020-01-17 12:00:00,571.8999630652826,1.8495265289366631,190942.1802444527,3.4198921976505923,0.04463668827212075
2020-01-17 13:00:00,561.7771009320423,1.0852066818014339,172625.10972560404,3.118046642858517,-0.6995679074906092
2020-01-17 14:00:00,552.5192366203999,2.166042838168452,176382.00693752643,2.63440429598139,-0.39431044516055525
2020-01-17 15:00:00,561.1418991248881,2.0076193169926775,187077.84078244076,2.7401341554405603,-0.7018267682072745
2020-01-17 16:00:00,508.6000475194947,2.4498787458535323,152455.39053064075,3.475513082137614,-1.8270786038322382
2020-01-17 17:00:00,511.2443911862638,2.405586341281512,148626.48179706576,2.7136692004519554,-1.0808566756406637
2020-01-17 18:00:00,500.8838180901935,3.835506879063253,174364.30911572994,3.272799974029348,-1.564310515365835
2020-01-17 19:00:00,482.618441991909,2.523735888233647,154192.45964959924,2.58137838618695,-1.8798714574706406
2020-01-17 20:00:00,491.24342143136573,2.9189813450019324,158067.2359973507,3.0335282042676206,-2.241941211957784
2020-01-17 21:00:00,496.18395205663586,2.790807466929375,152898.45984616337,2.8851737944679456,-1.8510274080152778
2020-01-17 22:00:00,496.5269209495908,2.2762670378562984,130710.12339425286,3.388151508150832,-1.8095022257267002
2020-01-17 23:00:00,442.67499016079483,3.1458078893914707,131251.21204486038,2.289303718264898,-1.4022185307970145
2020-01-18 00:00:00,470.76778311514585,3.2606915000490586,136789.84860006318,3.744461694867114,-2.233534528864593
2020-01-18 01:00:00,447.58772478950783,4.050732676704292,152883.38057974773,3.1976294050686516,-2.319441998181328
2020-01-18 02:00:00,447.8205418877519,3.420153942290046,118760.33062208255,2.8245058647835672,-2.532218465888348
2020-01-18 03:00:00,445.2740189778349,2.5707577270820416,140115.5891910506,2.9600315756103948,-2.0868145193763
2020-01-18 04:00:00,440.5236522752694,3.29913441788034,138150.4216443781,3.776155929029339,-1.9773936130212943
2020-01-18 05:00:00,434.59315050479034,3.395183449511074,117793.677079203,3.2750116292668925,-1.9122718420536267
2020-01-18 06:00:00,439.4232975743025,2.78509518379165,128825.03845082824,2.788669334776821,-2.766177969731755
2020-01-18 07:00:00,430.1542213527512,2.7978185940683646,123549.7815605407,2.5862564531515946,-2.5507290940243763
2020-01-18 08:00:00,417.62917395119956,3.390854459347349,112634.75224774715,3.6604490073619598,-2.5638853752594266
2020-01-18 09:00:00,419.6495785295339,3.165030074907828,119234.0933887756,1.908309474011657,-2.970394598720084
2020-01-18 10:00:00,423.6343096340102,1.934051415358512,110188.53833261305,3.1570647844699895,-1.6839899714308226
2020-01-18 11:00:00,409.38783850953786,3.9184289326997654,113389.61144845403,2.4870012942826496,-3.0997009467959895
2020-01-18 12:00:00,421.20482277751023,3.9151387366430517,96909.42058149914,3.4223425744487925,-2.5336580791496752
2020-01-18 13:00:00,412.3488061181576,2.5833910972464014,102611.82290989804,2.889654858723035,-1.6389963191570178
2020-01-18 14:00:00,392.0384327087235,3.8138474314717117,126512.92111927949,3.6223267799472287,-1.7364211769135984
2020-01-18 15:00:00,410.4166192610009,2.8545208275839453,101439.16484785454,3.192206724217897,-1.8736308167940443
2020-01-18 16:00:00,409.35435198290304,3.1931545177719314,104714.96759925297,2.8342707229473243,-2.129007526004454
2020-01-18 17:00:00,424.84307539423656,2.7127691395401285,133842.77731053843,3.279276671583686,-1.4313773027135532
2020-01-18 18:00:00,445.73829366871365,3.5290282397630444,119837.1495224841,2.892529616972892,-1.6402373228397527
2020-01-18 19:00:00,440.24577369908167,2.349487320073847,143798.0006555448,3.5489185946930877,-1.785982453607773
2020-01-18 20:00:00,473.5404833618616,2.4648831858194016,131780.66740530595,2.401876311877229,-1.8433497871158968
2020-01-18 21:00:00,472.6244680739102,2.8780294524279175,125486.20235366088,2.146720792618457,-1.0306703972896887
2020-01-18 22:00:00,487.66207732370987,2.4215934614034946,131188.52335713245,3.215622473527092,-0.8010238355377283
2020-01-18 23:00:00,501.3551263508108,2.7534152599398736,166767.48209489213,3.113225934833038,-0.059985763715629026
2020-01-19 00:00:00,521.4280098900723,1.9371915323732216,157727.08003642687,3.1006818801301534,-1.317876096185376
2020-01-19 01:00:00,520.8900758114492,1.3824309978083447,171529.1219446268,3.037660410503797,-0.42517184757852666
2020-01-19 02:00:00,503.1536339180632,2.09039193884398,155593.88887923263,2.6876723303013854,-0.012889022444576514
2020-01-19 03:00:00,483.21966681087264,2.521778907844457,141149.7186343118,3.2021771982287768,-0.2201785755860475
2020-01-19 04:00:00,472.6501966131126,2.3765678140742437,136816.56449846906,3.4690234491731697,1.0846672867734766
2020-01-19 05:00:00,469.68897538114464,1.7824067724998929,127006.89575831674,3.9953031997483945,0.6803079617369636
2020-01-19 06:00:00,466.58303577450323,2.179119766235746,127204.44669010252,2.269763811105534,0.5939154642003124
2020-01-19 07:00:00,470.30262976060453,2.6879059927844033,137573.4864184684,3.504931789571138,-0.16249426032939918
2020-01-19 08:00:00,450.077738655848,1.9666171372218393,131936.14952654645,2.4789240330466695,0.44250640053773727
2020-01-19 09:00:00,461.18194998817586,2.3590956793102973,123626.21456355756,2.134916518615914,0.4092854517002664
2020-01-19 10:00:00,435.02435589380815,2.2187847792032387,110080.72581524652,2.694292505595136,0.04509437549158046
2020-01-19 11:00:00,434.5565707162638,2.5650715698545055,110473.674623452,3.076480406336713,1.019370961274236
2020-01-19 12:00:00,451.47325239390307,2.637636539630948,103301.28221907493,3.169337222962477,1.5282451714717853
2020-01-19 13:00:00,419.9181733453976,2.485459294470555,113419.66861829016,2.6976879027572167,0.7206829867470805
2020-01-19 14:00:00,415.47385267561435,2.27388945310414,104334.39892877494,2.8756710055457613,0.14414149995136305
2020-01-19 15:00:00,406.34427634211204,2.6319786694239506,110469.94684091896,2.888204854975995,0.36398486847646905
2020-01-19 16:00:00,425.6490567690324,1.8051625078480447,97660.81619289969,2.885843050899352,1.2549952196900014
2020-01-19 17:00:00,398.42044756098477,2.5575333284865907,104051.81647235317,2.5546785613376963,1.4994167876269202
2020-01-19 18:00:00,392.11042589176725,2.69796114737558,85414.08884453647,3.1835916418898322,1.1011717822010363
2020-01-19 19:00:00,388.97306374610037,2.7968662938023092,93582.86189939184,3.3394295091388857,1.5959205396779288
2020-01-19 20:00:00,396.8283794253106,3.2410412986614827,78638.9980667903,2.9249351617567356,1.5965969659644343
2020-01-19 21:00:00,381.5781436092458,2.891263212942496,85251.8641035916,3.7138714738848497,-1.303943214537719
2020-01-19 22:00:00,375.5416418342803,3.5098176533456193,113600.17299063582,2.5475613061808895,-1.6591501344815653
2020-01-19 23:00:00,389.64576535583626,2.5724729114715275,110031.40855160463,3.158393796319436,-1.1338646383737434
2020-01-20 00:00:00,403.43059574936365,2.311892876955791,73798.88020857572,3.167474921964769,-1.725201477782561
2020-01-20 01:00:00,395.66437650528565,2.05869246309965,84244.17780390596,3.426602963804678,-0.6272553947912867
2020-01-20 02:00:00,386.5714201584508,2.366239234832226,97394.30412847159,2.8805461266061734,-1.0455137910257004
2020-01-20 03:00:00,377.70068941537943,2.423859071033322,87108.83803069117,2.62877857945786,-0.5147427387875643
2020-01-20 04:00:00,392.75003228594227,2.869880114775847,73783.77790956269,3.0867003244938065,-1.2634219115395635
2020-01-20 05:00:00,372.9900503563687,2.5267758363105646,80320.97389694338,2.890073953587424,-1.6660567789461667
2020-01-20 06:00:00,372.40886152561774,2.3107083498782988,75170.85054695804,3.2527349263810916,-0.08343561106190245
2020-01-20 07:00:00,360.85726496785014,3.1768232142647848,67567.02028986771,4.177918284473765,-0.7181335774596376
2020-01-20 08:00:00,358.0864031518194,3.266855213918123,78999.34224908146,2.6717831296972823,0.36941152179890346
2020-01-20 09:00:00,352.7314160751831,2.577011740484869,71634.33725756411,3.280572697700678,-0.7250974076230952
2020-01-20 10:00:00,360.4067322280807,2.307980830232251,82769.98265675269,2.8959112974364087,-0.5445735830616194
2020-01-20 11:00:00,374.87068373669615,3.0480316058448746,63859.12428193485,2.843536861080122,-0.08647321049580972
2020-01-20 12:00:00,356.4825925177812,2.914412938648118,82198.60276184817,3.0732367764464796,0.22963368000492868
2020-01-20 13:00:00,357.4900157689272,2.1453442215164995,97396.52290136818,3.717200235103289,-0.6748788888720914
2020-01-20 14:00:00,355.3712620014383,3.010919563950947,95300.4954634695,3.025406790190091,-1.2100867880466943
2020-01-20 15:00:00,374.4287853922138,3.145811116653661,81859.7312263124,3.1831011656764185,-1.4332492201445994
2020-01-20 16:00:00,373.5965385392423,2.882018788325164,78780.68197580209,3.0373060478762293,-1.335492992149568
2020-01-20 17:00:00,358.424880142673,2.9786481701734737,77312.6321190173,2.8071788067538495,-1.311415482003638
2020-01-20 18:00:00,359.7787993444582,3.143735336596381,85966.8418013206,3.59787653597945,-1.5772231851416543
2020-01-20 19:00:00,356.9619193445417,2.4468643967753283,63372.12119560183,2.924710506026529,-1.0548444571082034
2020-01-20 20:00:00,356.82259444924586,2.1076915576992885,84351.00217161796,3.65849587309818,-1.564206353611965
2020-01-20 21:00:00,358.4625285778547,2.057580392726407,92749.41589088232,3.9986356746776552,-2.18711361312057
2020-01-20 22:00:00,352.1730155451934,3.8665279427169383,64682.18578044312,3.1938293057079385,-2.278456979403729
2020-01-20 23:00:00,348.4634473131485,3.4964172722679363,86554.16729617733,3.0614306588792237,-2.3075946392509477
2020-01-21 00:00:00,346.26006802210696,2.837269216363144,58976.022211620766,3.2300270448119144,-2.6855157620885004
2020-01-21 01:00:00,341.8232771794962,2.505239415666783,55552.123937789205,3.6176194565223714,-1.8935834528953208
2020-01-21 02:00:00,343.90992884810595,2.4214217943000476,72559.6634320214,3.0007690161092087,-2.8286359033492063
2020-01-21 03:00:00,344.41802162475074,2.9821619940145982,82519.26374726926,3.908406143959381,-2.01880828852406
2020-01-21 04:00:00,345.1216456470182,3.5593151946457207,50000.0,3.8224574774338165,-2.5065163550251817
2020-01-21 05:00:00,358.4506586609749,2.3555307422809055,75666.91703484431,4.343069836766539,-2.4279034881709194
2020-01-21 06:00:00,347.776505144061,1.9907752520895978,91423.71673731363,3.594518244461612,-3.0271040908292
2020-01-21 07:00:00,338.99592305143176,3.3576633053998974,64968.89881493627,2.887811894299299,-3.0843134651187647
2020-01-21 08:00:00,355.60004982883646,1.814927772326908,68831.05953507744,2.1908021296214133,-2.5394177340830315
2020-01-21 09:00:00,336.48355052723934,2.9645335530356762,84322.20378392695,3.366724750538073,-2.571266895909818
2020-01-21 10:00:00,365.79275540931235,2.798539577584038,69093.90807135726,3.2922909984578803,-1.7779660777235322
2020-01-21 11:00:00,330.3875406366223,2.7166047252826218,80175.64198350825,2.4151024614250005,-2.6168411786827783
2020-01-21 12:00:00,335.55564317054774,2.805174008234511,78963.87635332467,3.1987393515555977,-2.0327875123386754
2020-01-21 13:00:00,347.715197475806,3.189683304107231,63562.49532984935,3.732654521376797,-3.7277145233257962
2020-01-21 14:00:00,351.2478606174771,2.029214421387816,64634.13052472923,4.405359468299105,-2.273218388973662
2020-01-21 15:00:00,351.20092666299564,3.025149364787934,74572.43810111837,3.2104956490867096,-0.6723339898601364
2020-01-21 16:00:00,349.3345631527774,2.45871631323576,71101.33323879163,3.484479712853442,-1.0486397682080217
2020-01-21 17:00:00,351.0666069919244,2.0446969234229755,65528.50413849851,3.1437496569660253,-1.8344226491728177
2020-01-21 18:00:00,352.25159628500217,1.9651964817748138,56932.36241495953,3.3709615849884895,-0.7064936733783399
2020-01-21 19:00:00,329.59635744994506,2.492561743303446,65133.93116069692,3.0199246786423912,-1.0794252192984823
2020-01-21 20:00:00,339.6332433189126,1.8112504095624096,84075.09823138782,4.020538880620764,-1.601925372026847
2020-01-21 21:00:00,349.7305523106736,2.787035846370155,69025.83738870994,2.922574635213121,-1.105402285732847
2020-01-21 22:00:00,351.5873652182083,2.7476057404866223,81888.2509793585,3.6029032895662025,-0.6237927701046224
2020-01-21 23:00:00,366.5157659176515,1.5839912892693953,77482.62817679119,2.374646913337749,-1.483367766992016
2020-01-22 00:00:00,331.87107839889944,2.353239748679311,63920.753626108766,3.2569297170354483,-0.8297320928206278
2020-01-22 01:00:00,342.1042409928749,2.654022243921425,89427.32073748039,3.9101041105255305,-0.06674213418374991
2020-01-22 02:00:00,361.33090077903057,2.144487888329548,75769.00092753334,3.2065490636184064,-0.32562172570128456
2020-01-22 03:00:00,354.6082792363203,2.4876738185012295,61592.67390425605,3.400283467855961,0.7850868545904796
2020-01-22 04:00:00,359.06281520990046,2.6193755138201835,88234.67151088522,3.547975576320566,0.4665563221668828
2020-01-22 05:00:00,341.1777753606491,1.750543586802307,87563.76340854524,3.4903958972422875,1.1094986395173545
2020-01-22 06:00:00,360.41649713015846,1.8622802009388155,66678.21927159838,4.6913262566735074,0.8222070878594674
2020-01-22 07:00:00,341.35195361550194,3.3088816492549618,73360.22622150912,3.4220475596068027,0.6028096485602994
2020-01-22 08:00:00,341.89198584018544,2.544228165237838,78282.23012838305,3.207213141610159,1.0598531805700686
2020-01-22 09:00:00,337.037474573178,3.502391134743417,84264.73479560069,3.9980351646111765,0.00708164708445469
2020-01-22 10:00:00,344.8486313882794,2.144993951341373,87886.9356540328,3.4003008145678058,0.1352819890448076
2020-01-22 11:00:00,362.02988040954773,2.7078925120627844,74326.31857355381,4.3887447391180086,0.2611980205584268
2020-01-22 12:00:00,365.23794594479057,2.1334001950812205,74433.24544312462,3.448745529031069,0.7673939960767213
2020-01-22 13:00:00,352.45658802342155,2.395839384713102,83433.063331643,3.610933671697023,1.516809978784186
2020-01-22 14:00:00,362.09727222574406,2.887083973802278,71593.54059800175,3.3154444896369406,2.7586455318072565
2020-01-22 15:00:00,370.3832806252361,2.8693938521193036,59932.3483697569,3.8367226633915696,1.8907122079891163
2020-01-22 16:00:00,343.0999662533136,1.8833624485694966,60409.09647102004,3.543336681246438,0.5727095909290935
2020-01-22 17:00:00,337.59427324492543,2.961424952804153,87130.29552710468,3.0989243229863694,2.1535890744182637
2020-01-22 18:00:00,348.3645935802022,2.7056606032753097,92076.78220494773,4.270267827037798,2.2226095942790955
2020-01-22 19:00:00,334.7815392466902,2.5914017037728745,84713.52693301647,3.933302233451516,1.8525552484511563
2020-01-22 20:00:00,349.8267319324032,1.3838369361265201,95964.77057048728,3.571943491854313,1.090356171565718
2020-01-22 21:00:00,365.02749830593376,2.8237911754317238,67075.5864830768,3.549347141945137,0.9193687386869147
2020-01-22 22:00:00,364.4558961452706,2.5565732625254234,71753.84970218092,3.3045157746402873,0.1176312558284387
2020-01-22 23:00:00,348.7280733948365,2.2345268648738994,73177.05231958404,3.7439738383505654,1.0982737761942656
2020-01-23 00:00:00,355.42945203728175,3.0205831013627753,69259.16077497741,3.5003933268570453,2.004652350746019
2020-01-23 01:00:00,346.08485654191963,1.6213485667497962,78325.9228143776,3.8308222014955686,1.5317199296342325
2020-01-23 02:00:00,346.1273584595679,2.109616641957222,69798.01634561589,3.3529557378724046,0.9896907316542898
2020-01-23 03:00:00,355.58353842266666,2.442897514706027,66893.47766861439,4.561160095924967,0.3765901638180489
2020-01-23 04:00:00,355.1359888812353,2.599038126766361,93205.2452489059,4.762163147645365,0.9601112023506825
2020-01-23 05:00:00,364.61465178455524,1.1226066815534603,84325.55813431038,3.415216891860638,0.10297351074199934
2020-01-23 06:00:00,341.6354972151714,1.9114817225432348,76403.96948537133,3.242048432161693,0.5612397004692645
2020-01-23 07:00:00,359.01723638249274,2.7117137951780568,79453.33825789916,3.809023729095306,0.43516461302095
2020-01-23 08:00:00,346.04964110705413,2.0167982119267283,95827.04955310281,4.127403287606971,1.322870359041483
2020-01-23 09:00:00,357.6312658030817,2.6216757035488776,98172.78058880969,3.752597716727294,0.6264799005688592
2020-01-23 10:00:00,347.8181860420811,2.9008038534614364,73354.44456306407,3.1404958801120433,0.20395045030397257
2020-01-23 11:00:00,362.76368694538763,2.1351717268023713,66143.15635692583,3.8024542823262544,-0.01672256816725315
2020-01-23 12:00:00,363.34676795082584,2.1301558596787116,67179.61041995486,3.617305313206105,-0.3397054226059453
2020-01-23 13:00:00,367.8978066572541,2.001013188981335,85441.70119085837,3.950023850483458,-0.7243252327095787
2020-01-23 14:00:00,370.4240748062459,2.0187199418347497,96617.2087335395,4.3994121703023055,-0.6131792689866338
2020-01-23 15:00:00,365.1234823393514,1.1111260202150777,76553.79043205352,3.661519479105651,-1.477638863853005
2020-01-23 16:00:00,350.8661590984831,2.9253230456140407,66417.55143781446,4.440855149738906,-1.5810403428206625
2020-01-23 17:00:00,344.5550928707043,3.3270044346932934,69522.11562372808,4.528554245551438,-0.9669274880324028
2020-01-23 18:00:00,355.01006784742555,2.911644390149111,56518.06858371249,2.8963498081646097,-1.8838489883687177
2020-01-23 19:00:00,353.4908769326686,2.5081109715208,69558.43298553006,4.170287853337604,-1.673060685425524
2020-01-23 20:00:00,349.0468411401056,2.1395973908730457,65322.375863712135,4.828920809970149,-1.8681290606110688
2020-01-23 21:00:00,365.84054697396886,2.1155511587431075,71200.91849345826,4.191632582288347,-1.4558604701268747
2020-01-23 22:00:00,359.14526885990955,2.660161611729576,95482.98410947059,4.647182498091169,-1.5825107440234092
2020-01-23 23:00:00,358.31192143264764,1.9447529402202712,62670.36260893381,4.210516993552361,-1.8980417900626654
2020-01-24 00:00:00,359.6429347257486,2.8769544274911727,87793.07241180593,3.4778399980645274,-1.7495668538425686
2020-01-24 01:00:00,358.6606593955932,2.5509760187317765,95238.60592225,4.178094549029732,-2.675437954632003
2020-01-24 02:00:00,366.55349869782026,2.1592239662943684,94658.51917613087,4.9464178158303005,-2.504183650861294
2020-01-24 03:00:00,353.70676822684607,1.4966454820904935,88809.82850995267,4.524808960219947,-1.8358729786606793
2020-01-24 04:00:00,365.31806414429735,2.1358943881279693,85306.5972193313,4.6356676724026595,-2.5932591501943114
2020-01-24 05:00:00,351.623742064029,2.693775207878211,72501.38781037959,3.9947937598586414,-2.680375572290644
2020-01-24 06:00:00,354.97785787449004,2.2068536143994786,73895.78879280883,4.4134958501225885,-2.6929234881124753
2020-01-24 07:00:00,371.30390970200756,2.3514505821557994,85423.55815556768,5.603637241227796,-2.556592275569101
2020-01-24 08:00:00,368.6121823713932,2.071103759486549,74991.06334289044,4.4626514732660345,-2.7673458741932073
2020-01-24 09:00:00,359.8288115798885,1.6612469755904902,75002.11775888219,4.689792497782682,-2.756761595113379
2020-01-24 10:00:00,355.83943707471764,2.197277834804974,64767.10525087947,4.769420130246099,-2.968913616993843
2020-01-24 11:00:00,366.41723539509536,2.79808219024659,80504.70898691328,3.784087532105973,-2.1055996554479814
2020-01-24 12:00:00,354.9172371577564,2.8036029349021403,89465.00033535075,5.161063870245626,-2.9398999509662698
2020-01-24 13:00:00,367.74322873798945,1.641297222509075,75567.85644497842,4.744868818815959,-2.108005101871123
2020-01-24 14:00:00,374.7552958939376,1.6453745758971798,76173.47140856853,4.82819065799802,-2.022190874719427
2020-01-24 15:00:00,364.48008528677457,1.2113761725776515,84118.58044123348,4.487426523568243,-1.8320015377052534
2020-01-24 16:00:00,371.89293991780903,1.8513600260426313,74141.93157595386,4.642008956927145,-2.5554832890317067
2020-01-24 17:00:00,385.44641791968303,2.3403640131035366,94690.82740092787,4.963480854193599,-1.5330200913741547
2020-01-24 18:00:00,366.21127294123573,3.4469774349278226,82904.22361146599,3.9020674227040035,-2.1534155444838823
2020-01-24 19:00:00,357.11799858363145,2.640088673026258,63646.9380726017,4.977827390054601,-0.6964712180878504
2020-01-24 20:00:00,372.1922092384762,3.017132919014184,84393.94133616552,5.570845699255814,-0.0934223712726936
2020-01-24 21:00:00,362.8018920123041,3.334680945314053,79494.6095639867,4.583381087296906,-1.5747352142785598
2020-01-24 22:00:00,390.3410646155371,2.9318742419227632,87803.88948117316,3.9771479852155496,-0.26791035087085313
2020-01-24 23:00:00,377.935986558892,1.3983374376847912,95994.39639666473,4.000249882990205,-1.511675084165965
2020-01-25 00:00:00,356.76576550535725,2.274160933438219,67108.68241382764,4.952336952616327,-0.6895644384612363
2020-01-25 01:00:00,369.858382082116,1.940638654724832,91679.19694800723,4.857080390549605,-0.4793153703191532
2020-01-25 02:00:00,347.1792748947163,2.485035846932848,60296.78013934413,4.523889306406496,0.14818849166375947
2020-01-25 03:00:00,382.12146978024896,2.5960881403370086,79707.67480875713,5.588642611379812,-0.263322056463343
2020-01-25 04:00:00,371.3769633472026,3.005356568888711,77460.07419706217,4.550576417384023,0.02391743766936158
2020-01-25 05:00:00,366.33757771311014,1.9151232832930187,102620.19705789944,5.370009547162943,0.26279223310171573
2020-01-25 06:00:00,380.4178387574964,2.3353774079462455,72868.11244952912,5.236551406227418,0.5901373607362982
2020-01-25 07:00:00,377.75047373279153,2.4784867741128997,87704.03078909339,4.511425027802117,0.8800889791202153
2020-01-25 08:00:00,368.34387118991043,2.1728797857159976,75234.45933676347,6.036347716146422,1.3778792319165023
2020-01-25 09:00:00,395.98563522056264,2.8373338158394574,87521.6980979138,5.345639366995215,0.3269408272727462
2020-01-25 10:00:00,380.7550667528179,2.7366888029239806,86691.31266264063,4.720109842018449,0.9508337627299059
2020-01-25 11:00:00,376.3393368489692,3.3267960361789766,77971.75692784111,5.814017866030726,1.334558992025514
2020-01-25 12:00:00,373.4564194303146,2.461345894863,89908.41878653674,5.5657667183155475,0.6486947569946324
2020-01-25 13:00:00,363.57295754916424,2.4441367526760702,118496.88926022066,5.2582128584331524,0.9172176060008281
2020-01-25 14:00:00,356.25094176171996,1.6634363354248318,96157.2051618951,6.26164338222736,0.38911459760402556
2020-01-25 15:00:00,366.79433953246263,2.17761496909896,82935.25559596789,4.153083851153743,0.5955301145528957
2020-01-25 16:00:00,365.298620535853,3.2836254766538246,82589.59398133382,4.186289250173642,1.232716675160684
2020-01-25 17:00:00,369.49711411176827,2.7057763905945342,94746.04702284049,4.641473920141705,1.8662890542474626
2020-01-25 18:00:00,377.63017322709516,2.7106504943907934,86106.22763768605,5.311134785287082,0.14544336555017656
2020-01-25 19:00:00,368.10450437005363,2.7225397869282135,87539.89552953908,5.156552007152555,2.2012155116740013
2020-01-25 20:00:00,371.5507970323961,2.285998133737083,99170.78806267354,5.84559366008396,1.7907255512660223
2020-01-25 21:00:00,369.2334196114666,2.45655074284238,85404.1655980941,5.279948491625043,1.0794068802194727
2020-01-25 22:00:00,379.369851646309,2.832295362148195,87506.90135930499,5.3056152816633055,1.5252469236895354
2020-01-25 23:00:00,376.12079816500926,1.9020193083731436,72654.61790732716,5.290952182838474,2.160230780142225
2020-01-26 00:00:00,371.72760166506527,2.619963001443811,96069.24922188629,5.157800482544077,0.29065008396987224
2020-01-26 01:00:00,372.4374960176141,2.714246416214614,109868.29936281884,5.6541777757013385,1.1017718915324073
2020-01-26 02:00:00,391.00280457930313,2.5939452223848725,87452.35576221306,5.192164397804089,1.6426623111311662
2020-01-26 03:00:00,389.832590041603,1.3159223671159137,99884.53074631216,5.644713722888055,1.4000399907889731
2020-01-26 04:00:00,371.49017505878527,2.392464299464299,106029.76307570982,5.038072542221376,-0.08971361077070772
2020-01-26 05:00:00,399.39532328659874,2.8458854851031927,92229.10820325317,4.5784204383971225,0.408901904211356
2020-01-26 06:00:00,386.211537308185,2.5807117719249715,100522.51389588098,4.934050237748684,0.9792632686206589
2020-01-26 07:00:00,374.51885005026264,3.221851706888597,73014.71538222613,5.440938211260418,0.6380119259486525
2020-01-26 08:00:00,379.3634416212078,2.898343434866281,85939.28076326096,5.87447609542299,0.7474728629142315
2020-01-26 09:00:00,362.4470528476282,2.771625942440585,103337.93613874009,5.799689177844887,0.25173026186586045
2020-01-26 10:00:00,389.7532728871544,3.406365632066792,92258.1245486842,5.45625494694396,-1.0849207027744936
2020-01-26 11:00:00,365.733200188444,2.6915540710957417,106500.19854134921,4.892653381175737,0.4031192526790979
2020-01-26 12:00:00,365.9070869398551,2.1383262977950572,91863.08010095396,6.2464780383767335,-0.6105934126039094
2020-01-26 13:00:00,384.10608578973233,2.5834326101524874,83659.52795657267,5.565941590846181,-0.0042948778817172295
2020-01-26 14:00:00,385.53476378261,3.4961895233939737,95775.17586204594,5.679668569041828,-0.5970066725193519
2020-01-26 15:00:00,375.7720914454288,2.3280616105201526,99955.12212890657,5.303808928130852,-0.7146122937426302
2020-01-26 16:00:00,395.3307071360314,3.1717279122273907,102038.07665759974,5.795328186111997,-1.6254840344708805
2020-01-26 17:00:00,384.5125100183391,2.889148928669005,93049.02161037715,5.412860064816509,-1.556697038370073
2020-01-26 18:00:00,383.3548274180199,3.4621286123821036,103345.41564364923,5.592123831969827,-1.098159989942888
2020-01-26 19:00:00,377.046670633848,2.5727978340439543,102659.97045813347,5.876447947374139,-1.8186087065935277
2020-01-26 20:00:00,400.50394671387465,3.0193770620796276,95798.6748169923,4.693255536669546,-0.8882912665975443
2020-01-26 21:00:00,382.4479536868841,3.4739237895052586,85184.84443443677,5.771462360498004,-2.4346487531966794
2020-01-26 22:00:00,405.607182278262,3.2108958173765876,89926.82624649687,5.463634642585632,-2.1476002074407257
2020-01-26 23:00:00,386.59787005829253,2.8744967703371906,90279.24376308029,5.641778944248018,-1.986232862542525
2020-01-27 00:00:00,393.93948813845475,2.880864913246642,84859.14675465078,4.897365924681574,-1.8198717214055917
2020-01-27 01:00:00,382.98745235259025,2.6290479007290957,89445.73404511108,5.358717696262668,-2.571100718089361
2020-01-27 02:00:00,386.470550446716,3.5141227675169757,103017.3918705289,4.644558312278929,-1.9570051834993878
2020-01-27 03:00:00,366.37480626743735,3.0367467398010817,103448.84202922051,5.8945729064421135,-2.6072714210219585
2020-01-27 04:00:00,384.83961748394137,3.2644458327607317,91802.22770194031,6.728314822253148,-1.0824367430107882
2020-01-27 05:00:00,390.0404279952051,3.138171587754022,95828.7194793373,6.14183695452664,-2.6481595265084237
2020-01-27 06:00:00,379.91578079406185,4.476822422705819,87590.45210248581,6.163119631896783,-1.7052982312812723
2020-01-27 07:00:00,386.0411485381753,3.4809528150467006,109379.91197388186,5.745559591644912,-2.427374275894569
2020-01-27 08:00:00,398.3270773364097,3.712964291343138,92466.43749479108,5.72533087304744,-2.2529252854574398
2020-01-27 09:00:00,403.7162467414585,3.691537119787874,90767.02612709285,6.611148840365306,-2.2325577438138593
2020-01-27 10:00:00,373.2449428651508,3.7267013943581975,88415.23632141415,5.26973097964461,-2.5503693005010417
2020-01-27 11:00:00,383.57644061136125,3.1276915402630716,86551.59688756455,5.538435533550612,-2.775905392305831
2020-01-27 12:00:00,385.74668401262073,3.2249406850674225,73544.93072782032,5.3137779631764674,-2.2987990538829104
2020-01-27 13:00:00,388.6574688668527,4.150296603367575,97796.32601055119,6.4029786851822434,-2.3525756290157704
2020-01-27 14:00:00,393.43867024183317,3.0073383284063535,100012.27527709753,5.384236965718459,-2.006197617435426
2020-01-27 15:00:00,399.5717342320202,2.520544187084604,81315.03821165841,5.571580531053071,-0.9243575296850876
2020-01-27 16:00:00,390.535435870906,3.52755224160766,90945.61093426423,5.620619715914139,-1.1672669822182749
2020-01-27 17:00:00,399.9968894685119,3.3402982798325476,97946.85633848186,6.93631854783378,-2.833350301860048
2020-01-27 18:00:00,396.0660834892801,3.712464496692038,74425.75017775077,5.563885975211103,-1.949684570735648
2020-01-27 19:00:00,379.4438816173101,2.7858164662058784,87922.93217441108,5.9986969576162,-1.805147830351275
2020-01-27 20:00:00,391.74227873277135,4.042812510101541,98350.60264417679,6.763369837138893,-1.997848325307936
2020-01-27 21:00:00,389.5746936369718,3.020984149076636,108016.38508091925,6.3999122141506595,-0.42702886476429536
2020-01-27 22:00:00,393.00210597831534,3.54202124418647,103176.43568968365,6.928901469042316,-1.2202434988594626
2020-01-27 23:00:00,414.78181420459975,4.186767767246004,88681.79027165964,6.622745012388326,-0.8927232092454637
2020-01-28 00:00:00,393.04891174916696,3.388870364772748,89774.02792628162,7.200581295650359,-0.25781294593704424
2020-01-28 01:00:00,411.42222886315204,3.3214574464751854,106493.65150785045,6.06773034724125,-0.49191581522662586
2020-01-28 02:00:00,400.6833337862373,4.55065094493408,99671.93820301665,5.462328599721618,-0.5840949340906534
2020-01-28 03:00:00,416.23629268980045,3.9631570422831954,102640.29223484758,5.965394408716088,0.057454886236055824
2020-01-28 04:00:00,415.76930726891686,3.679072137508247,117109.96489578715,6.133732802723509,0.21126782159235324
2020-01-28 05:00:00,408.2313271178075,2.861179016951227,86494.95589267423,6.785366845151157,0.13625613585890547
2020-01-28 06:00:00,396.0752293961295,4.1045931089088885,99213.55794915336,6.721150842023068,0.7248615472056801
2020-01-28 07:00:00,423.9493544039537,3.4102660789275823,107176.00216748887,6.626886576407666,-0.24478882962396975
2020-01-28 08:00:00,409.98548537453496,3.2422842270206087,97884.74719837002,5.072764101303659,0.49968685338680763
2020-01-28 09:00:00,410.22234149055583,2.9764233785859022,96982.4017506219,5.8041694770893715,0.5944206440858365
2020-01-28 10:00:00,421.24309566225065,2.322707397699097,100846.80447510378,5.945053185500787,0.7308406278847379
2020-01-28 11:00:00,403.03391791709146,2.8864451323369433,114637.8090183941,6.882899491380787,1.2539640963501357
2020-01-28 12:00:00,405.8988760841336,3.2760158774849995,96243.72998906094,5.9685822876125725,0.4978836538583328
2020-01-28 13:00:00,412.818215486766,2.6748579281040046,112615.29983973608,7.60876718512079,1.7294229498389557
2020-01-28 14:00:00,419.7819152542165,3.034357169964064,82623.63916325604,6.8803676780321235,1.3228371362940476
2020-01-28 15:00:00,413.20334143891546,3.429206327839888,102813.84215826225,5.684789539335006,2.713701814847356
2020-01-28 16:00:00,416.35433295091525,4.272474135064567,84940.80451735902,6.383409715623227,0.6047941453799787
2020-01-28 17:00:00,424.9219294262885,3.8212147976483335,91340.62244579193,6.357440515964089,1.2752432015952775
2020-01-28 18:00:00,422.31028116582235,3.710765844247365,83279.72491359149,6.729641635626061,1.5435834984797956
2020-01-28 19:00:00,404.46479081608436,4.28458386643711,123344.69693221898,7.408653880861722,1.573747822800205
2020-01-28 20:00:00,421.9116562271655,3.3275760381365886,113677.73894621996,6.753230585153878,1.8817948454957023
2020-01-28 21:00:00,412.1474483157835,3.6498658292173727,112534.41491468689,7.2153887131593955,1.6389352113874025
2020-01-28 22:00:00,422.99444324788027,2.9851868044141785,99965.20362583395,6.231654933328507,1.2295198672111678
2020-01-28 23:00:00,411.16037898145396,4.058086331936181,93097.1177403045,6.555930699465837,1.6901929700113203
2020-01-29 00:00:00,421.84693698429186,3.754953313859594,105163.06423212792,6.483145079035331,0.10824985986859947
2020-01-29 01:00:00,431.7308911537077,3.6361988756240224,118646.66454130386,6.245217078508601,0.4575861997919306
2020-01-29 02:00:00,416.75793773543995,4.223196807226095,98089.68077662113,6.033000668795575,0.9716327243561208
2020-01-29 03:00:00,425.4267724268678,4.944147897538523,115325.20683647523,5.78673783109748,0.8166216574306311
2020-01-29 04:00:00,416.83721859593663,3.7908557166186165,105699.91231762584,6.554550753969418,0.7694356321344995
2020-01-29 05:00:00,403.7587764985355,4.303554588029323,119253.12302243807,6.190144832497665,0.31154972567486944
2020-01-29 06:00:00,408.48888677560836,3.802029074768939,86292.69856738558,6.798461359932145,0.4855678446823821
2020-01-29 07:00:00,417.790698658517,3.6561128907010527,113377.21040683457,6.332338049234995,0.842081936382101
2020-01-29 08:00:00,412.920276775361,4.578989407796254,104848.91296376368,6.903861089505874,0.20770778396695266
2020-01-29 09:00:00,412.53213330115597,4.217144132651931,108469.2360989737,6.96167010681414,0.5439896611522246
2020-01-29 10:00:00,413.49119689187086,2.825646598623086,102510.76262422343,6.557907859235213,-0.3248904390283095
2020-01-29 11:00:00,409.4020252466569,3.6346745739955812,106335.13492669722,6.345064750498688,-0.6865533009982134
2020-01-29 12:00:00,413.83158983350216,3.061810549121481,109627.20668600062,6.282000060574225,-0.12386994735024187
2020-01-29 13:00:00,410.29981825702305,4.094180210542956,98789.56439742702,5.111158015026836,-0.09366937202881931
2020-01-29 14:00:00,419.9566924399317,4.823820653918757,90159.88372195725,6.198735297213187,-0.28588095808122693
2020-01-29 15:00:00,403.75243707734086,4.233891040337316,90166.50515564332,7.919614686775557,-0.4970738821640709
2020-01-29 16:00:00,413.0805891840298,4.3586915791000935,112447.5880467925,7.201109712294143,-2.026827924496394
2020-01-29 17:00:00,432.2640817036041,4.517164953802453,94445.72132985445,6.543333732021339,-1.46782137476339
2020-01-29 18:00:00,418.93992869320414,4.476477472927287,104643.66243653902,6.735679093291549,-2.127159765957416
2020-01-29 19:00:00,437.41852003507415,4.41891775470662,112631.53610498276,6.9030582576207715,-1.7373734827000586
2020-01-29 20:00:00,425.2587097571311,4.2271332688264405,105705.52904036152,6.212396550149708,-0.9186830556568575
2020-01-29 21:00:00,427.57263709906067,4.742530738028847,112893.90897863836,6.949343753811784,-1.4208394993153963
2020-01-29 22:00:00,415.0689725207777,4.038820001495919,98744.41080439846,7.000546119348085,-1.8851747460005979
2020-01-29 23:00:00,421.9441742041683,4.982095554469444,114352.15295224499,7.122068974747599,-1.3634219451159282
2020-01-30 00:00:00,427.73803202574675,4.252593715158974,99431.97459141497,7.320816778805041,-2.6004576356291103
2020-01-30 01:00:00,413.45162777490174,3.257620602558963,103889.53270491716,6.94364189399752,-2.74058976742489
2020-01-30 02:00:00,408.8713750627994,3.8060388127561557,107107.15334939118,7.462195972560178,-2.6939959414041814
2020-01-30 03:00:00,431.4802544679641,4.577517763540062,119894.48561541316,6.245123227664855,-2.5039919043956065
2020-01-30 04:00:00,410.9730964387548,4.2731911840836,109173.55612090442,7.576409228388236,-2.761586473824325
2020-01-30 05:00:00,429.82187389699624,4.411026189547683,116279.20961130943,6.924941194107792,-2.7410678007106726
2020-01-30 06:00:00,432.2647572371649,5.066555136923993,106495.47147482238,7.0160938354816205,-2.9766917353047555
2020-01-30 07:00:00,437.819847442734,4.488798639883486,108710.4565809758,6.7758583632972735,-2.496451512366096
2020-01-30 08:00:00,427.1952212556213,4.651516635218831,115007.68702950218,7.57234952637789,-2.363501429459477
2020-01-30 09:00:00,396.74845366640284,4.603447302926062,120156.29814093177,7.2315581228793615,-3.0164355247183665
2020-01-30 10:00:00,437.5599304399015,4.518517490384826,104260.31890163236,6.793024619879677,-2.174387138058436
2020-01-30 11:00:00,423.41871093720374,4.880685911949352,127800.73583397077,6.324563304704931,-1.938349912069989
2020-01-30 12:00:00,438.6929494119192,5.1119842084839275,119642.05435133418,6.42025156926935,-2.5308691153629295
2020-01-30 13:00:00,424.6537325540366,5.019466048388567,110154.17431797818,7.163511415882855,-1.6399374864027367
2020-01-30 14:00:00,420.5167812916517,5.138216843501866,104395.45531708216,6.70982374816968,-2.3469191805038556
2020-01-30 15:00:00,449.30023092618563,4.19782423477289,114258.055902968,6.809623730950432,-1.5220737138610054
2020-01-30 16:00:00,434.90562974502114,5.303769668091208,99186.45160632789,7.458880005622304,-1.1225836965807958
2020-01-30 17:00:00,407.2501623281476,4.668714831047372,123996.78983679935,7.518495213644944,-2.1873918726143646
2020-01-30 18:00:00,417.9969842309718,4.758477726954221,103965.11870182844,6.435150199875561,-1.6783818318696875
2020-01-30 19:00:00,419.78747749383786,4.44926066102447,118619.20425349339,7.064868902900647,-1.3292177718646085
2020-01-30 20:00:00,430.8765985572782,4.7626195854279585,114175.06329845819,7.210981588384517,-1.2178719361409933
2020-01-30 21:00:00,432.35313377694,3.8090069020817916,110120.39910227859,8.022697595265898,-0.8706441497008444
2020-01-30 22:00:00,435.48309807560105,5.12704952148742,107108.92584510504,6.939882195227908,-1.5988130226360622
2020-01-30 23:00:00,424.54596435246435,4.6955225831985254,112836.49215996386,6.83450309942299,-0.353170612268076
2020-01-31 00:00:00,433.86601283599293,4.615942332041579,114957.23387522525,7.477889044939413,-0.41208953514239277
