time_tag,xray_flux_short,xray_flux_long,flare_class
2020-01-01 00:00:00,1.0447956108805895e-07,6.031781326283137e-08,B
2020-01-01 01:00:00,1.267697811258861e-07,5.358596465412254e-08,B
2020-01-01 02:00:00,1.2587729925426442e-07,6.503909139195636e-08,B
2020-01-01 03:00:00,1.1817384626679532e-07,5.6645697379050343e-08,B
2020-01-01 04:00:00,1.0582632698470329e-07,5.5260813739940233e-08,B
2020-01-01 05:00:00,1.1442449940109575e-07,6.658457724151221e-08,B
2020-01-01 06:00:00,1.1329154789066466e-07,5.549834153668234e-08,B
2020-01-01 07:00:00,1.0559433218819333e-07,5.8397446543818035e-08,B
2020-01-01 08:00:00,1.1410166072568106e-07,5.584531755052056e-08,B
2020-01-01 09:00:00,8.411963368761422e-07,5.697433772910739e-07,B
2020-01-01 10:00:00,5.94847348192153e-07,3.901500120728902e-07,B
2020-01-01 11:00:00,4.205818512766891e-07,2.658765588375058e-07,B
2020-01-01 12:00:00,1.1789528272701793e-05,8.227370079763176e-06,M
2020-01-01 13:00:00,5.658629218592324e-06,3.939809153929488e-06,C
2020-01-01 14:00:00,2.7640104953177722e-06,1.9029346313483169e-06,C
2020-01-01 15:00:00,1.3712235132578802e-06,9.471032492017275e-07,C
2020-01-01 16:00:00,7.285057059344473e-07,4.837945214983473e-07,B
2020-01-01 17:00:00,1.156170860821065e-07,4.937707962795756e-08,B
2020-01-01 18:00:00,1.07634591767376e-07,5.784363498621581e-08,B
2020-01-01 19:00:00,1.1006715104915121e-07,5.368614258064391e-08,B
2020-01-01 20:00:00,1.1354799616805415e-07,6.118427749870089e-08,B
2020-01-01 21:00:00,1.388861424792165e-07,5.998074197966875e-08,B
2020-01-01 22:00:00,8.796878023664218e-07,5.913359249982999e-07,B
2020-01-01 23:00:00,8.851206153927955e-07,5.848009238767919e-07,B
2020-01-02 00:00:00,4.967627164064738e-07,3.058119810133568e-07,B
2020-01-02 01:00:00,2.9899050232977626e-07,1.8630861016667506e-07,B
2020-01-02 02:00:00,2.447563138744731e-07,1.1385065925955223e-07,B
2020-01-02 03:00:00,1.7236206207803718e-07,9.22237200998408e-08,B
2020-01-02 04:00:00,1.205337573006682e-07,6.37225734394792e-08,B
2020-01-02 05:00:00,1.1298952986211696e-07,6.42218513174876e-08,B
2020-01-02 06:00:00,1.2340376917491267e-07,5.658783864833607e-08,B
2020-01-02 07:00:00,1.360347071793262e-07,6.11545334485496e-08,B
2020-01-02 08:00:00,1.257853964281417e-07,5.313053253660387e-08,B
2020-01-02 09:00:00,1.2164799339246086e-07,6.310222059204064e-08,B
2020-01-02 10:00:00,1.1783657946927231e-07,6.110643734587732e-08,B
2020-01-02 11:00:00,1.226408309404571e-07,6.375607300580942e-08,B
2020-01-02 12:00:00,1.2208438291070032e-07,5.8508980253085654e-08,B
2020-01-02 13:00:00,1.1804862351741465e-07,5.123080995929876e-08,B
2020-01-02 14:00:00,1.1288460227137114e-07,5.418681144169851e-08,B
2020-01-02 15:00:00,1.073601539759421e-07,6.676348635234149e-08,B
2020-01-02 16:00:00,1.344610841789342e-07,5.7788945203455184e-08,B
2020-01-02 17:00:00,1.114038496853848e-07,5.9302820147014096e-08,B
2020-01-02 18:00:00,1.1549645253948802e-07,7.040518451684339e-08,B
2020-01-02 19:00:00,1.213700649646382e-07,6.179323155488613e-08,B
2020-01-02 20:00:00,1.3696789279880966e-07,6.917657427766033e-08,B
2020-01-02 21:00:00,1.4293273707699852e-07,7.60105140413109e-08,B
2020-01-02 22:00:00,1.3733661043868323e-07,7.222951182936463e-08,B
2020-01-02 23:00:00,1.3798429187810325e-07,6.127890640984032e-08,B
2020-01-03 00:00:00,1.2871402316450711e-07,6.343936712562372e-08,B
2020-01-03 01:00:00,1.440610796850174e-07,7.470721855270338e-08,B
2020-01-03 02:00:00,1.3781836123159594e-07,7.142276020729323e-08,B
2020-01-03 03:00:00,1.3608784633063303e-07,7.035625445820397e-08,B
2020-01-03 04:00:00,1.3073672510234397e-07,7.515130790396567e-08,B
2020-01-03 05:00:00,1.4110470745477298e-07,7.143326728784969e-08,B
2020-01-03 06:00:00,1.5501768657310256e-07,6.27218835896893e-08,B
2020-01-03 07:00:00,1.181715534044054e-07,6.998776117225237e-08,B
2020-01-03 08:00:00,1.4241021183922292e-07,6.995574318392675e-08,B
2020-01-03 09:00:00,1.2515786998785783e-07,7.323812243503448e-08,B
2020-01-03 10:00:00,1.218870158589344e-07,6.790135482689144e-08,B
2020-01-03 11:00:00,1.2189428584375257e-07,6.690409964199833e-08,B
2020-01-03 12:00:00,1.1961089449437963e-07,6.616605748536946e-08,B
2020-01-03 13:00:00,1.3149096135916967e-07,5.402762691542291e-08,B
2020-01-03 14:00:00,1.320046788008239e-07,6.408273545580803e-08,B
2020-01-03 15:00:00,1.2066639689004328e-07,6.483100160321943e-08,B
2020-01-03 16:00:00,1.3804480679118857e-07,7.27343751808895e-08,B
2020-01-03 17:00:00,1.197941525174022e-07,5.683377108419173e-08,B
2020-01-03 18:00:00,8.847777782605916e-06,6.1701498587292046e-06,C
2020-01-03 19:00:00,5.876695721155143e-07,3.796807753006942e-07,B
2020-01-03 20:00:00,1.3991369051576011e-07,6.630580773061551e-08,B
2020-01-03 21:00:00,1.5067712340399752e-07,7.884516241290812e-08,B
2020-01-03 22:00:00,3.229088809197466e-06,2.2354816601174267e-06,C
2020-01-03 23:00:00,3.237843946465782e-06,2.229019954460459e-06,C
2020-01-04 00:00:00,1.2811916527712838e-06,8.66516871379143e-07,C
2020-01-04 01:00:00,5.647678449623153e-07,3.6066310272789716e-07,B
2020-01-04 02:00:00,2.9273557418281777e-07,1.852577576725326e-07,B
2020-01-04 03:00:00,1.4844332071839887e-07,7.347368543652765e-08,B
2020-01-04 04:00:00,1.5623586580327746e-07,7.128524699987473e-08,B
2020-01-04 05:00:00,1.3943638388482713e-07,7.074610784253786e-08,B
2020-01-04 06:00:00,1.4514026905076897e-07,7.5863978680308e-08,B
2020-01-04 07:00:00,1.3214937315057168e-07,7.440291831546623e-08,B
2020-01-04 08:00:00,1.5347675670183266e-07,7.513865480806571e-08,B
2020-01-04 09:00:00,1.4340754972878417e-07,7.146749176882639e-08,B
2020-01-04 10:00:00,1.4456324180692813e-07,5.874269018284281e-08,B
2020-01-04 11:00:00,1.37169635889162e-07,6.756133262453264e-08,B
2020-01-04 12:00:00,1.326677988613658e-07,6.941824600910128e-08,B
2020-01-04 13:00:00,1.231576672462615e-07,7.312730056708453e-08,B
2020-01-04 14:00:00,1.405764481536991e-07,6.936638904988911e-08,B
2020-01-04 15:00:00,1.421151253227162e-07,7.001654119205135e-08,B
2020-01-04 16:00:00,1.3938773172768196e-07,5.8458498118302464e-08,B
2020-01-04 17:00:00,1.566320253001576e-07,7.011109836180827e-08,B
2020-01-04 18:00:00,1.489383969696157e-05,1.040050197172379e-05,M
2020-01-04 19:00:00,1.0717117365254416e-05,7.475456920872957e-06,M
2020-01-04 20:00:00,7.735241834598636e-06,5.3816128626525946e-06,C
2020-01-04 21:00:00,5.57483385089929e-06,3.8772766620183336e-06,C
2020-01-04 22:00:00,4.067836510456304e-06,2.800252682100838e-06,C
2020-01-04 23:00:00,2.951684538437301e-06,2.0232071884185933e-06,C
2020-01-05 00:00:00,2.146143500696705e-06,1.4762606048361225e-06,C
2020-01-05 01:00:00,1.6053713910454357e-06,1.0826683247677582e-06,C
2020-01-05 02:00:00,1.1865069459145454e-06,8.022712745967728e-07,C
2020-01-05 03:00:00,8.747999303255149e-07,5.928175588959874e-07,B
2020-01-05 04:00:00,1.68372808559695e-07,6.713248187785533e-08,B
2020-01-05 05:00:00,1.496897617703007e-07,7.291537228310724e-08,B
2020-01-05 06:00:00,1.4359889335826838e-07,8.433994332482103e-08,B
2020-01-05 07:00:00,1.656903511257483e-07,7.172665777513288e-08,B
2020-01-05 08:00:00,1.2962515715615075e-07,7.413584943895303e-08,B
2020-01-05 09:00:00,1.3220327268711621e-07,8.15986280545971e-08,B
2020-01-05 10:00:00,1.6225997413602583e-07,7.829964092032722e-08,B
2020-01-05 11:00:00,3.92891608894035e-06,2.7330317763296055e-06,C
2020-01-05 12:00:00,1.0162350173149753e-06,6.545553968745871e-07,C
2020-01-05 13:00:00,3.357152688657746e-07,2.0899412430887594e-07,B
2020-01-05 14:00:00,1.4766607964902093e-07,7.192832644602191e-08,B
2020-01-05 15:00:00,1.7133071057203946e-07,6.887658206933924e-08,B
2020-01-05 16:00:00,1.5217868806561129e-07,7.179377556663213e-08,B
2020-01-05 17:00:00,1.406903159628578e-07,7.880804341029359e-08,B
2020-01-05 18:00:00,1.543155038192781e-07,8.00048856219364e-08,B
2020-01-05 19:00:00,1.799565259524012e-07,9.19953212489593e-08,B
2020-01-05 20:00:00,1.5384008280015167e-07,6.740394075855561e-08,B
2020-01-05 21:00:00,1.7227006604682241e-07,8.620588656340954e-08,B
2020-01-05 22:00:00,1.8415625251734969e-06,1.2532938714730557e-06,C
2020-01-05 23:00:00,1.838803834535179e-06,1.2549592694385494e-06,C
2020-01-06 00:00:00,7.983232566162033e-07,5.157256334162962e-07,B
2020-01-06 01:00:00,3.8868588954560604e-07,2.4080629471583617e-07,B
2020-01-06 02:00:00,2.5017409332854623e-07,1.4442115461743508e-07,B
2020-01-06 03:00:00,1.611064857499436e-07,8.13610179296661e-08,B
2020-01-06 04:00:00,1.594318182357007e-07,8.865257218168682e-08,B
2020-01-06 05:00:00,1.7155761764386754e-07,7.836853436121018e-08,B
2020-01-06 06:00:00,1.5997972008957445e-07,7.741027848311455e-08,B
2020-01-06 07:00:00,3.7332914222017983e-06,2.5855423780163116e-06,C
2020-01-06 08:00:00,2.3133843279981544e-06,1.591117661968397e-06,C
2020-01-06 09:00:00,1.4718374093283018e-06,9.98452513914439e-07,C
2020-01-06 10:00:00,1.2618897809910922e-06,8.391779253858971e-07,C
2020-01-06 11:00:00,9.331542186630596e-07,6.257067695405953e-07,B
2020-01-06 12:00:00,4.498569342148922e-06,3.11677008996565e-06,C
2020-01-06 13:00:00,4.331844357465495e-06,2.9800109779347404e-06,C
2020-01-06 14:00:00,1.0721128328439536e-06,7.140538432765209e-07,C
2020-01-06 15:00:00,3.775213488962321e-07,2.3680410350101775e-07,B
2020-01-06 16:00:00,1.7078359882922845e-07,8.697304724265185e-08,B
2020-01-06 17:00:00,1.4956758696948166e-07,7.419825853776459e-08,B
2020-01-06 18:00:00,1.6647806486339496e-07,8.597956557484106e-08,B
2020-01-06 19:00:00,1.596641922548578e-07,7.597817534804086e-08,B
2020-01-06 20:00:00,1.6957431346189228e-07,8.513959155079606e-08,B
2020-01-06 21:00:00,1.7974279395457676e-07,8.497218864055969e-08,B
2020-01-06 22:00:00,1.5681220894649566e-07,8.5472028522774e-08,B
2020-01-06 23:00:00,1.4693552203888623e-06,1.0095144112456924e-06,C
2020-01-07 00:00:00,2.653662540401117e-06,1.8143330511305943e-06,C
2020-01-07 01:00:00,1.9657076950768667e-06,1.3384573380685993e-06,C
2020-01-07 02:00:00,7.28535937267352e-07,4.7554442280311845e-07,B
2020-01-07 03:00:00,3.41943543686722e-07,2.218480699484599e-07,B
2020-01-07 04:00:00,2.2784173218138463e-07,1.31736715560408e-07,B
2020-01-07 05:00:00,1.6973734515235557e-07,8.011454828363743e-08,B
2020-01-07 06:00:00,1.6125748765634502e-07,7.579426415191203e-08,B
2020-01-07 07:00:00,1.5851368614276445e-07,8.219577662932291e-08,B
2020-01-07 08:00:00,1.6874350916175906e-07,8.118538884787095e-08,B
2020-01-07 09:00:00,1.4903664009447732e-07,7.78386380514626e-08,B
2020-01-07 10:00:00,1.404515186445067e-07,8.326133874079261e-08,B
2020-01-07 11:00:00,1.6181893352263545e-07,7.123378010309551e-08,B
2020-01-07 12:00:00,1.6645610687329142e-07,7.453295183748673e-08,B
2020-01-07 13:00:00,1.5538767369303904e-07,7.07946896526045e-08,B
2020-01-07 14:00:00,1.3375381845848816e-07,7.156111692187713e-08,B
2020-01-07 15:00:00,1.389318607493453e-07,6.880775143730829e-08,B
2020-01-07 16:00:00,1.4164926421802954e-07,7.214102173164965e-08,B
2020-01-07 17:00:00,1.5916295740362394e-07,8.108589689931183e-08,B
2020-01-07 18:00:00,1.62013068818371e-07,8.291310443649449e-08,B
2020-01-07 19:00:00,1.8465313522237285e-07,7.930526189689402e-08,B
2020-01-07 20:00:00,1.7527288998208103e-07,8.835179330797499e-08,B
2020-01-07 21:00:00,1.6569130712593387e-07,9.099049985606738e-08,B
2020-01-07 22:00:00,1.8078732207971884e-07,8.466609286001153e-08,B
2020-01-07 23:00:00,1.9194624596791874e-07,8.034248331193615e-08,B
2020-01-08 00:00:00,1.7308701577890066e-07,8.689117253965125e-08,B
2020-01-08 01:00:00,1.6391682920196957e-07,8.325197003464309e-08,B
2020-01-08 02:00:00,1.5933762610734333e-07,8.963441056532046e-08,B
2020-01-08 03:00:00,1.5541521369788225e-07,7.746629590040893e-08,B
2020-01-08 04:00:00,1.6586710086188694e-07,8.419719032025361e-08,B
2020-01-08 05:00:00,1.5990231299166178e-07,7.992949951742361e-08,B
2020-01-08 06:00:00,1.661451085987053e-07,8.465339841337504e-08,B
2020-01-08 07:00:00,1.710310952901981e-07,8.956160537167703e-08,B
2020-01-08 08:00:00,1.624455531268311e-07,8.481527793793715e-08,B
2020-01-08 09:00:00,1.4901332666126176e-07,7.959747408900569e-08,B
2020-01-08 10:00:00,1.4192958128885022e-07,7.155742667214373e-08,B
2020-01-08 11:00:00,1.5705109849425382e-07,7.261353569591209e-08,B
2020-01-08 12:00:00,1.4866285274136887e-07,6.941345175422304e-08,B
2020-01-08 13:00:00,1.6191686873152233e-07,7.651790625000131e-08,B
2020-01-08 14:00:00,1.5295419877633647e-07,7.976998577860228e-08,B
2020-01-08 15:00:00,1.43189254429527e-07,7.505140082384383e-08,B
2020-01-08 16:00:00,1.4417970453078078e-07,7.706048789633455e-08,B
2020-01-08 17:00:00,1.5510607346977677e-07,7.603976680529381e-08,B
2020-01-08 18:00:00,1.6101735646303904e-07,7.333151248393388e-08,B
2020-01-08 19:00:00,1.5520816314165465e-07,7.933210056261876e-08,B
2020-01-08 20:00:00,1.6232355219037855e-07,8.479919102311314e-08,B
2020-01-08 21:00:00,1.5428421285073438e-07,7.650508117915345e-08,B
2020-01-08 22:00:00,1.589690922906595e-07,8.356027634154361e-08,B
2020-01-08 23:00:00,1.7419720767180803e-07,8.069314212528264e-08,B
2020-01-09 00:00:00,1.6158506864480016e-07,9.327031742231134e-08,B
2020-01-09 01:00:00,1.682479164394302e-07,8.281634387453851e-08,B
2020-01-09 02:00:00,1.7399277841231518e-07,8.669210744274595e-08,B
2020-01-09 03:00:00,1.7004220098315995e-07,8.821087410693288e-08,B
2020-01-09 04:00:00,1.6203926453561161e-07,8.00789008984863e-08,B
2020-01-09 05:00:00,1.7509863993756302e-07,7.266586043689211e-08,B
2020-01-09 06:00:00,1.479082641861184e-07,7.361544801074709e-08,B
2020-01-09 07:00:00,1.417886263659058e-07,7.723387429715584e-08,B
2020-01-09 08:00:00,1.5633190860607723e-07,7.339215996339021e-08,B
2020-01-09 09:00:00,1.6871500341559647e-07,8.108501416782344e-08,B
2020-01-09 10:00:00,1.4070176451173636e-07,7.550950045721555e-08,B
2020-01-09 11:00:00,1.4658365770614936e-07,6.90208866042343e-08,B
2020-01-09 12:00:00,1.6212918936956572e-07,7.093760137172853e-08,B
2020-01-09 13:00:00,1.4810182634111016e-07,7.713972988056675e-08,B
2020-01-09 14:00:00,1.317726957031868e-07,7.256264709890134e-08,B
2020-01-09 15:00:00,1.5483515378639052e-07,8.06182005176658e-08,B
2020-01-09 16:00:00,1.303235697414452e-07,6.823201591394081e-08,B
2020-01-09 17:00:00,1.628426075871861e-07,7.009724344157879e-08,B
2020-01-09 18:00:00,9.199906418729106e-06,6.413824532403423e-06,C
2020-01-09 19:00:00,9.208114146623215e-06,6.417160568506727e-06,C
2020-01-09 20:00:00,7.904838781302318e-06,5.493697687700382e-06,C
2020-01-09 21:00:00,4.4095481695411656e-06,3.0656995479726592e-06,C
2020-01-09 22:00:00,2.7541373831798113e-06,1.895859998154318e-06,C
2020-01-09 23:00:00,1.7779765284844551e-06,1.2230573998298586e-06,C
2020-01-10 00:00:00,1.2287977178679528e-06,8.261489327941424e-07,C
2020-01-10 01:00:00,8.7315175084386e-07,5.648785410694067e-07,B
2020-01-10 02:00:00,5.99804585221334e-07,3.892670302501396e-07,B
2020-01-10 03:00:00,1.5152428265184666e-07,7.698950714249886e-08,B
2020-01-10 04:00:00,1.444664908053133e-07,8.536043350618067e-08,B
2020-01-10 05:00:00,1.5250951565011544e-07,7.387678958295416e-08,B
2020-01-10 06:00:00,1.6911262127240912e-07,7.322593096054281e-08,B
2020-01-10 07:00:00,1.4480268870762579e-07,6.854076333592373e-08,B
2020-01-10 08:00:00,1.4348549994580287e-07,7.103951695976427e-08,B
2020-01-10 09:00:00,1.2930103800338978e-07,7.888468660329097e-08,B
2020-01-10 10:00:00,1.3404180488193886e-07,6.799689510933653e-08,B
2020-01-10 11:00:00,1.3154705958333662e-07,6.37345192239967e-08,B
2020-01-10 12:00:00,1.4379581546226782e-07,6.06822882065546e-08,B
2020-01-10 13:00:00,1.3602938604253707e-07,7.676246976277914e-08,B
2020-01-10 14:00:00,1.3495502856915267e-07,6.212742273627232e-08,B
2020-01-10 15:00:00,1.3657747739820782e-07,7.080685951348836e-08,B
2020-01-10 16:00:00,1.3290201504447064e-07,6.842240290568289e-08,B
2020-01-10 17:00:00,1.3710793706615375e-07,7.53816648735803e-08,B
2020-01-10 18:00:00,1.437544760042416e-07,8.49263241025994e-08,B
2020-01-10 19:00:00,1.6295211824539947e-07,6.329549960074975e-08,B
2020-01-10 20:00:00,1.4327596130064665e-07,7.906364247311963e-08,B
2020-01-10 21:00:00,1.56183366800286e-07,8.029736305093662e-08,B
2020-01-10 22:00:00,1.615033433191822e-07,8.453155191162839e-08,B
2020-01-10 23:00:00,1.5073077813198654e-07,8.080933446689037e-08,B
2020-01-11 00:00:00,1.560814147588257e-07,8.15922783172908e-08,B
2020-01-11 01:00:00,1.5283059532736565e-07,7.779813048713954e-08,B
2020-01-11 02:00:00,1.4859197403361262e-07,7.505605686813074e-08,B
2020-01-11 03:00:00,1.5276448465196037e-07,7.575769575730284e-08,B
2020-01-11 04:00:00,1.6171133600562558e-07,7.34924390818238e-08,B
2020-01-11 05:00:00,1.3828926178544002e-07,7.411975540516552e-08,B
2020-01-11 06:00:00,4.413724633738945e-06,3.0732286569007076e-06,C
2020-01-11 07:00:00,7.99850761699242e-06,5.57058094502382e-06,C
2020-01-11 08:00:00,5.334490174889201e-06,3.6967507533839345e-06,C
2020-01-11 09:00:00,3.5587023498871136e-06,2.4803790344658444e-06,C
2020-01-11 10:00:00,2.40628595584695e-06,1.6629964807737755e-06,C
2020-01-11 11:00:00,1.652963715620541e-06,1.1342732109538922e-06,C
2020-01-11 12:00:00,1.1734550596338674e-06,7.887720715445887e-07,C
2020-01-11 13:00:00,6.863858677166589e-07,4.511405366306886e-07,B
2020-01-11 14:00:00,5.028987799917709e-07,3.2983883929157957e-07,B
2020-01-11 15:00:00,1.3198142796500727e-06,8.960386696633247e-07,C
2020-01-11 16:00:00,7.417131633751718e-07,4.845625051615524e-07,B
2020-01-11 17:00:00,5.267761961456212e-07,3.500572251973253e-07,B
2020-01-11 18:00:00,3.906272025449151e-07,2.470251892763063e-07,B
2020-01-11 19:00:00,3.225075886512375e-07,1.8630436242741853e-07,B
2020-01-11 20:00:00,5.284877611554224e-07,3.565606250478064e-07,B
2020-01-11 21:00:00,4.793732699316307e-07,3.1687648054479444e-07,B
2020-01-11 22:00:00,3.036496932297372e-07,1.8465985807689373e-07,B
2020-01-11 23:00:00,1.6631837467890342e-07,1.0803479036661856e-07,B
2020-01-12 00:00:00,1.6693275248241558e-07,8.756670148134874e-08,B
2020-01-12 01:00:00,1.5450744285487452e-07,7.387090745350801e-08,B
2020-01-12 02:00:00,1.5306851510907687e-07,7.395882741623918e-08,B
2020-01-12 03:00:00,1.4601647478438584e-07,7.63212144852461e-08,B
2020-01-12 04:00:00,1.3703217833570122e-07,6.816887623983208e-08,B
2020-01-12 05:00:00,1.477203784253483e-07,6.595631742877379e-08,B
2020-01-12 06:00:00,1.4679471605830696e-07,6.645859621317731e-08,B
2020-01-12 07:00:00,1.1873446174556294e-07,6.281616767629126e-08,B
2020-01-12 08:00:00,1.2962075311821043e-07,6.328939872279387e-08,B
2020-01-12 09:00:00,1.1303896404052747e-07,7.591544639186067e-08,B
2020-01-12 10:00:00,1.3447589785413134e-07,7.116950010891892e-08,B
2020-01-12 11:00:00,2.9004081661606407e-05,2.026887523208471e-05,M
2020-01-12 12:00:00,6.541524420670378e-06,4.568921909591706e-06,C
2020-01-12 13:00:00,1.5737065148978441e-06,1.0610252852007015e-06,C
2020-01-12 14:00:00,1.1520323493267279e-07,6.000155693104537e-08,B
2020-01-12 15:00:00,1.2551018927250118e-07,6.12503526803946e-08,B
2020-01-12 16:00:00,1.1919375231851269e-07,6.900764677412204e-08,B
2020-01-12 17:00:00,1.2730522022972906e-07,6.11525021903185e-08,B
2020-01-12 18:00:00,1.2584648062543494e-07,6.091880103925344e-08,B
2020-01-12 19:00:00,1.536872436992094e-07,6.251647629504171e-08,B
2020-01-12 20:00:00,1.3705141840740552e-07,6.062716878968018e-08,B
2020-01-12 21:00:00,1.309996146848184e-07,7.111281928299333e-08,B
2020-01-12 22:00:00,2.3075304215814623e-06,1.5786816342506134e-06,C
2020-01-12 23:00:00,1.6329656721526974e-06,1.1128716762838572e-06,C
2020-01-13 00:00:00,1.168205393943257e-06,7.830582050487554e-07,C
2020-01-13 01:00:00,8.237305354331284e-07,5.595303841771824e-07,B
2020-01-13 02:00:00,6.311285377181601e-07,4.1309296986669314e-07,B
2020-01-13 03:00:00,4.662389526229108e-07,3.01241565014801e-07,B
2020-01-13 04:00:00,3.397822877600215e-07,2.3102980277038122e-07,B
2020-01-13 05:00:00,2.859695445844669e-07,1.7783417946946903e-07,B
2020-01-13 06:00:00,3.4243937726454824e-06,2.3812795960239165e-06,C
2020-01-13 07:00:00,2.3260220527279475e-06,1.6097317953425755e-06,C
2020-01-13 08:00:00,1.6279788976127501e-06,1.1254691651239594e-06,C
2020-01-13 09:00:00,1.151781703042419e-06,7.841872761557543e-07,C
2020-01-13 10:00:00,8.268509441504314e-07,5.514136143416292e-07,B
2020-01-13 11:00:00,6.086802398146573e-07,3.889121706716501e-07,B
2020-01-13 12:00:00,4.521295350928762e-07,2.9036431265858425e-07,B
2020-01-13 13:00:00,3.488836107144705e-07,2.1737470685197358e-07,B
2020-01-13 14:00:00,2.910208349344132e-07,1.6156713488805503e-07,B
2020-01-13 15:00:00,1.1611916715462797e-07,5.324251507096286e-08,B
2020-01-13 16:00:00,1.0400433715294833e-07,6.041198475329277e-08,B
2020-01-13 17:00:00,1.1885950682874912e-07,6.029477644584093e-08,B
2020-01-13 18:00:00,1.301693503001621e-07,5.565966043021269e-08,B
2020-01-13 19:00:00,1.2546032016228033e-07,6.379081129779443e-08,B
2020-01-13 20:00:00,1.1042065803877212e-07,6.445651213650883e-08,B
2020-01-13 21:00:00,1.3229287107181438e-07,6.395762703891667e-08,B
2020-01-13 22:00:00,1.2302360845118e-07,7.186816331349657e-08,B
2020-01-13 23:00:00,1.2540231285921237e-07,6.270844927010994e-08,B
2020-01-14 00:00:00,1.389397891453477e-07,5.513317997002027e-08,B
2020-01-14 01:00:00,1.2847122162024702e-07,5.71609492701592e-08,B
2020-01-14 02:00:00,1.4159152868720884e-07,5.961266896918433e-08,B
2020-01-14 03:00:00,1.225830469853282e-07,6.434326218741765e-08,B
2020-01-14 04:00:00,1.1426950280310544e-07,6.001614334313682e-08,B
2020-01-14 05:00:00,1.118368032061111e-07,5.556129973423045e-08,B
2020-01-14 06:00:00,1.0131698952425629e-07,4.818170552204987e-08,B
2020-01-14 07:00:00,1.1872722734502636e-07,4.632780767455996e-08,B
2020-01-14 08:00:00,1.0426426940779006e-07,6.044338992962916e-08,B
2020-01-14 09:00:00,9.803408855355928e-08,4.883899326617363e-08,A
2020-01-14 10:00:00,1.0897544997546229e-07,4.869301559048007e-08,B
2020-01-14 11:00:00,1.0810952093460684e-07,5.268548978006521e-08,B
2020-01-14 12:00:00,7.796394185286271e-06,5.441643467502658e-06,C
2020-01-14 13:00:00,5.405641026099306e-06,3.7613636265400907e-06,C
2020-01-14 14:00:00,3.7264533195600696e-06,2.5978466105253373e-06,C
2020-01-14 15:00:00,2.618937965773668e-06,1.8060581300020516e-06,C
2020-01-14 16:00:00,1.8217587863397581e-06,1.2566792652875167e-06,C
2020-01-14 17:00:00,1.2887024154077682e-06,8.821570040873055e-07,C
2020-01-14 18:00:00,9.275236280602336e-07,6.229631491689065e-07,B
2020-01-14 19:00:00,6.772365667774618e-07,4.4509074977756363e-07,B
2020-01-14 20:00:00,4.921570910962033e-07,3.2946920333348287e-07,B
2020-01-14 21:00:00,1.0897795467898126e-07,5.799171637319403e-08,B
2020-01-14 22:00:00,1.1094768001418305e-07,5.973673126067359e-08,B
2020-01-14 23:00:00,1.0536527695418212e-07,5.6972397826459886e-08,B
2020-01-15 00:00:00,1.2873176502414707e-07,5.415069296408497e-08,B
2020-01-15 01:00:00,1.1443951779637827e-07,6.117460619978481e-08,B
2020-01-15 02:00:00,1.1355892668637535e-07,5.0230427185686094e-08,B
2020-01-15 03:00:00,1.2077625634167768e-07,5.1566272373250317e-08,B
2020-01-15 04:00:00,1.0038159058004211e-07,5.646157415613176e-08,B
2020-01-15 05:00:00,1.08635255089875e-07,5.378145103206494e-08,B
2020-01-15 06:00:00,1.0952642610739743e-07,4.57336516856281e-08,B
2020-01-15 07:00:00,9.910178936772053e-08,4.619611145347188e-08,A
2020-01-15 08:00:00,1.0761702915689879e-07,5.220926404948669e-08,B
2020-01-15 09:00:00,1.0994790051130377e-07,5.055485862983765e-08,B
2020-01-15 10:00:00,9.208220262466089e-08,5.28016833017653e-08,A
2020-01-15 11:00:00,7.545193500796884e-08,4.096462675248708e-08,A
2020-01-15 12:00:00,1.0117555206627034e-07,3.845391072398299e-08,B
2020-01-15 13:00:00,8.77498304577724e-08,4.8682677509849e-08,A
2020-01-15 14:00:00,9.037167941235802e-08,4.317597091778053e-08,A
2020-01-15 15:00:00,8.234285962077061e-08,5.1556683840505716e-08,A
2020-01-15 16:00:00,9.392141484656916e-08,4.367710902788868e-08,A
2020-01-15 17:00:00,1.0120476713324767e-07,5.0383227879295894e-08,B
2020-01-15 18:00:00,9.573357966447837e-08,4.5228132223976716e-08,A
2020-01-15 19:00:00,9.501129767652341e-08,3.798387801747692e-08,A
2020-01-15 20:00:00,1.0207622047353569e-07,4.329867342124563e-08,B
2020-01-15 21:00:00,1.0459628547684542e-07,5.079873793591146e-08,B
2020-01-15 22:00:00,1.1124440173290297e-07,4.330389912330461e-08,B
2020-01-15 23:00:00,8.725794873696128e-08,5.1755704843229804e-08,A
2020-01-16 00:00:00,9.515622721742381e-08,4.822888304327704e-08,A
2020-01-16 01:00:00,1.1260295541538995e-07,5.895775545282154e-08,B
2020-01-16 02:00:00,1.0072958243431358e-07,5.268322316174645e-08,B
2020-01-16 03:00:00,9.084487521350638e-08,4.6319525914717654e-08,A
2020-01-16 04:00:00,1.0179118149532894e-07,5.068471748103852e-08,B
2020-01-16 05:00:00,8.72846006364545e-08,5.1168746566512726e-08,A
2020-01-16 06:00:00,7.466162247442592e-08,4.645797035699824e-08,A
2020-01-16 07:00:00,9.142870964803782e-08,4.430864915216513e-08,A
2020-01-16 08:00:00,7.191605998215508e-08,4.5227903391812836e-08,A
2020-01-16 09:00:00,7.969011941014328e-08,4.277009887885283e-08,A
2020-01-16 10:00:00,1.3048380481167964e-05,9.110315933375326e-06,M
2020-01-16 11:00:00,1.3045444456008985e-05,9.117332007241113e-06,M
2020-01-16 12:00:00,8.93991056216931e-08,3.4777399249326106e-08,A
2020-01-16 13:00:00,3.3448937101515636e-06,2.325431505776461e-06,C
2020-01-16 14:00:00,2.4112155414279454e-06,1.6751514411791034e-06,C
2020-01-16 15:00:00,1.7602455705803307e-06,1.2163737414582082e-06,C
2020-01-16 16:00:00,1.283300610066954e-06,8.754748478483178e-07,C
2020-01-16 17:00:00,9.535690102870241e-07,6.365886174916631e-07,B
2020-01-16 18:00:00,7.225458777232538e-07,4.7159891019229795e-07,B
2020-01-16 19:00:00,5.313991531448169e-07,3.67058559391361e-07,B
2020-01-16 20:00:00,3.8520200683985445e-07,2.551187733746637e-07,B
2020-01-16 21:00:00,3.078217141403274e-07,2.0300868357012007e-07,B
2020-01-16 22:00:00,2.5209250992207093e-07,1.5841999674640384e-07,B
2020-01-16 23:00:00,8.107904041704858e-08,4.389396594936154e-08,A
2020-01-17 00:00:00,7.27271223917295e-06,5.070845037430359e-06,C
2020-01-17 01:00:00,2.7279338905230395e-06,1.9002394712790795e-06,C
2020-01-17 02:00:00,1.0557594067017397e-06,7.184889568656e-07,C
2020-01-17 03:00:00,4.4754898821868383e-07,2.992175492971229e-07,B
2020-01-17 04:00:00,8.069197348186235e-08,4.504913698416532e-08,A
2020-01-17 05:00:00,9.747481987799557e-08,3.967461876591098e-08,A
2020-01-17 06:00:00,9.328358311669255e-08,3.8640866105999144e-08,A
2020-01-17 07:00:00,1.028560154131453e-07,4.1985667418054666e-08,B
2020-01-17 08:00:00,6.945590731779712e-08,3.308784669395213e-08,A
2020-01-17 09:00:00,6.662605827608853e-08,2.8794343643093635e-08,A
2020-01-17 10:00:00,7.998170797567222e-08,3.7486956416483416e-08,A
2020-01-17 11:00:00,6.801140373924776e-08,2.8508254969286302e-08,A
2020-01-17 12:00:00,6.860716927869801e-08,4.2082349054561926e-08,A
2020-01-17 13:00:00,6.451397608951404e-08,3.9528941414930114e-08,A
2020-01-17 14:00:00,7.517695214273933e-08,3.032607311651837e-08,A
2020-01-17 15:00:00,6.280026639454545e-08,2.5394466014627424e-08,A
2020-01-17 16:00:00,3.474323839040814e-07,2.344973844610303e-07,B
2020-01-17 17:00:00,2.1071337318878066e-07,1.289366063941881e-07,B
2020-01-17 18:00:00,5.269649012601758e-06,3.676527430035908e-06,C
2020-01-17 19:00:00,3.6335725939828558e-06,2.531429532646547e-06,C
2020-01-17 20:00:00,2.512806509331322e-06,1.7388341052240279e-06,C
2020-01-17 21:00:00,1.7506845759012277e-06,1.2096611382973046e-06,C
2020-01-17 22:00:00,1.2325360434110552e-06,8.455273389326339e-07,C
2020-01-17 23:00:00,8.948559457122919e-07,5.898265460875276e-07,B
2020-01-18 00:00:00,6.333748824616374e-07,4.2072059442682044e-07,B
2020-01-18 01:00:00,4.2499835735484945e-07,2.932500413736362e-07,B
2020-01-18 02:00:00,3.758619015476406e-07,2.1940772732985063e-07,B
2020-01-18 03:00:00,8.830716158993922e-08,3.6610356603059516e-08,A
2020-01-18 04:00:00,6.740348251394036e-08,4.1344416780280904e-08,A
2020-01-18 05:00:00,7.565518818347688e-08,3.566866956488218e-08,A
2020-01-18 06:00:00,7.142213022688847e-08,3.628040418791923e-08,A
2020-01-18 07:00:00,6.77029051808295e-08,3.4021275389626125e-08,A
2020-01-18 08:00:00,6.942714711945873e-08,3.874636319989259e-08,A
2020-01-18 09:00:00,6.676987779438057e-08,2.9406349611419742e-08,A
2020-01-18 10:00:00,6.11552412027286e-08,4.188003468379622e-08,A
2020-01-18 11:00:00,5.2226471506786544e-08,2.4971293551524913e-08,A
2020-01-18 12:00:00,4.431222418306722e-08,4.468181286948126e-08,A
2020-01-18 13:00:00,4.62284071431974e-08,2.6874367231322684e-08,A
2020-01-18 14:00:00,6.882415803130872e-08,2.7458572723794236e-08,A
2020-01-18 15:00:00,5.5995604726699496e-08,3.1828117895758445e-08,A
2020-01-18 16:00:00,6.888757299555122e-08,3.254935506490486e-08,A
2020-01-18 17:00:00,6.826019506117722e-08,3.321148537579473e-08,A
2020-01-18 18:00:00,5.993343894529955e-08,3.619702380037741e-08,A
2020-01-18 19:00:00,7.684008435172992e-08,3.1945836416165446e-08,A
2020-01-18 20:00:00,5.320244049769956e-08,3.829962368638841e-08,A
2020-01-18 21:00:00,7.029324070905496e-08,3.666682354922513e-08,A
2020-01-18 22:00:00,7.93885654119327e-08,3.8160259386892005e-08,A
2020-01-18 23:00:00,8.123841035005816e-08,4.9523058735063415e-08,A
2020-01-19 00:00:00,7.817197703041799e-08,4.370689137861836e-08,A
2020-01-19 01:00:00,7.231376963894962e-08,3.7244347156844734e-08,A
2020-01-19 02:00:00,6.95063109604826e-08,4.349876713091242e-08,A
2020-01-19 03:00:00,6.348202956480856e-08,3.4788196679030636e-08,A
2020-01-19 04:00:00,6.382861631932157e-08,3.359429677429498e-08,A
2020-01-19 05:00:00,6.023571088424995e-08,3.512998202313278e-08,A
2020-01-19 06:00:00,6.835608087665835e-08,2.4276010345279543e-08,A
2020-01-19 07:00:00,5.654374864231235e-08,3.424885540345866e-08,A
2020-01-19 08:00:00,5.873381040685741e-08,2.9561232656226438e-08,A
2020-01-19 09:00:00,4.707040120370998e-08,2.5423662044789555e-08,A
2020-01-19 10:00:00,4.2607924332983616e-08,3.830952778738275e-08,A
2020-01-19 11:00:00,6.159047880158129e-08,3.2341421886974015e-08,A
2020-01-19 12:00:00,5.562089487728419e-08,2.5659006002266905e-08,A
2020-01-19 13:00:00,5.022700742835121e-08,2.869578576501115e-08,A
2020-01-19 14:00:00,7.823380483083641e-08,2.0458419672205646e-08,A
2020-01-19 15:00:00,4.647537465650679e-08,2.427234298909706e-08,A
2020-01-19 16:00:00,5.82325521049076e-08,3.1328273250241854e-08,A
2020-01-19 17:00:00,5.6617667745712e-08,2.512176906296685e-08,A
2020-01-19 18:00:00,3.719026105202803e-08,3.3466130788322094e-08,A
2020-01-19 19:00:00,5.6937802519823286e-08,2.8142997105634285e-08,A
2020-01-19 20:00:00,5.570203956726681e-08,3.559069194064962e-08,A
2020-01-19 21:00:00,7.600010180154842e-08,3.290828254516873e-08,A
2020-01-19 22:00:00,7.292682009137929e-08,2.8387359345436153e-08,A
2020-01-19 23:00:00,6.655054375680325e-08,3.7013589680465084e-08,A
2020-01-20 00:00:00,6.288969089396128e-08,3.185407953693821e-08,A
2020-01-20 01:00:00,7.36654704408474e-08,3.963651726434228e-08,A
2020-01-20 02:00:00,7.248363938500664e-08,4.0342062116126144e-08,A
2020-01-20 03:00:00,7.673708845725845e-08,3.282278351767523e-08,A
2020-01-20 04:00:00,6.218818162751578e-08,2.8842701886748373e-08,A
2020-01-20 05:00:00,7.644952378851305e-08,2.9401444887443988e-08,A
2020-01-20 06:00:00,6.1685832487314e-08,3.711732871223653e-08,A
2020-01-20 07:00:00,7.301154731078648e-08,3.137154694251226e-08,A
2020-01-20 08:00:00,5.472757299822686e-08,2.2278242406116707e-08,A
2020-01-20 09:00:00,6.473822547175298e-08,1.521639976862615e-08,A
2020-01-20 10:00:00,5.2983616046815375e-08,2.924432762554072e-08,A
2020-01-20 11:00:00,6.35912816602704e-08,2.1205176345078265e-08,A
2020-01-20 12:00:00,6.368241049541616e-08,2.6083285077807908e-08,A
2020-01-20 13:00:00,3.905676298250599e-08,3.091577124447236e-08,A
2020-01-20 14:00:00,5.3629849932306275e-08,1.5842324800715665e-08,A
2020-01-20 15:00:00,3.2742810609741276e-08,2.9290140291850332e-08,A
2020-01-20 16:00:00,5.4873320416259413e-08,3.184027263045728e-08,A
2020-01-20 17:00:00,4.837683181025066e-08,2.2543106469686796e-08,A
2020-01-20 18:00:00,6.10185759426115e-08,2.704386458479361e-08,A
2020-01-20 19:00:00,5.313104795272452e-08,3.001172106459102e-08,A
2020-01-20 20:00:00,6.626751437994013e-08,3.896915202421311e-08,A
2020-01-20 21:00:00,7.536255997915301e-08,3.4221902377061854e-08,A
2020-01-20 22:00:00,7.144436263317575e-08,3.679759438956812e-08,A
2020-01-20 23:00:00,6.162566147120414e-08,3.508562569560056e-08,A
2020-01-21 00:00:00,7.860611771841153e-08,3.323604736294893e-08,A
2020-01-21 01:00:00,7.949704477089367e-08,3.660833450963406e-08,A
2020-01-21 02:00:00,5.962790023922012e-08,3.497878818346722e-08,A
2020-01-21 03:00:00,5.653098623392135e-08,3.789452648126793e-08,A
2020-01-21 04:00:00,5.9441430350911e-08,3.297322356108504e-08,A
2020-01-21 05:00:00,6.890359602703667e-08,3.353435915655766e-08,A
2020-01-21 06:00:00,6.54268824443779e-08,2.96339691860905e-08,A
2020-01-21 07:00:00,4.7544772781908885e-08,1.968356370852171e-08,A
2020-01-21 08:00:00,5.484263419680563e-08,2.8269714945432794e-08,A
2020-01-21 09:00:00,5.0522032141972586e-08,3.0088500033581725e-08,A
2020-01-21 10:00:00,5.284518617308817e-08,3.7593873523273114e-08,A
2020-01-21 11:00:00,5.6705172062099445e-08,3.512808861902941e-08,A
2020-01-21 12:00:00,4.316357261154256e-08,2.7314231223656432e-08,A
2020-01-21 13:00:00,6.596019671796933e-08,2.0680501690073558e-08,A
2020-01-21 14:00:00,4.7640385830733494e-08,3.119056658730242e-08,A
2020-01-21 15:00:00,4.593176700808368e-08,3.20319318789402e-08,A
2020-01-21 16:00:00,7.252849875208914e-08,2.354666602890102e-08,A
2020-01-21 17:00:00,4.819953051179552e-08,2.9400634873732126e-08,A
2020-01-21 18:00:00,6.807249663072146e-08,3.102509583626537e-08,A
2020-01-21 19:00:00,7.177276852812626e-08,3.0023227787289556e-08,A
2020-01-21 20:00:00,7.173424379587805e-08,3.653829099960546e-08,A
2020-01-21 21:00:00,8.192473154309871e-08,2.2772551996279673e-08,A
2020-01-21 22:00:00,6.086380134820277e-08,3.7385614143467374e-08,A
2020-01-21 23:00:00,5.3921382141441604e-08,3.280019202997822e-08,A
2020-01-22 00:00:00,7.006861623377895e-06,4.894005091470709e-06,C
2020-01-22 01:00:00,7.024398796348572e-06,4.89709654121505e-06,C
2020-01-22 02:00:00,6.646503364289337e-08,3.3207161178386544e-08,A
2020-01-22 03:00:00,8.602192182256135e-08,4.2193941836480556e-08,A
2020-01-22 04:00:00,6.206552460360628e-08,3.509193812497249e-08,A
2020-01-22 05:00:00,4.705850290937773e-08,3.4383179769178885e-08,A
2020-01-22 06:00:00,6.958112484038562e-08,4.1703892099859685e-08,A
2020-01-22 07:00:00,5.8439939185451626e-08,3.2476945096278773e-08,A
2020-01-22 08:00:00,5.5118189731222164e-08,3.004471777682685e-08,A
2020-01-22 09:00:00,7.103553929519474e-08,3.181561811974972e-08,A
2020-01-22 10:00:00,4.7411723199497305e-08,2.6590036194827104e-08,A
2020-01-22 11:00:00,6.054182410861262e-08,2.3745734494559454e-08,A
2020-01-22 12:00:00,4.454425853867291e-08,2.7489468249449028e-08,A
2020-01-22 13:00:00,5.3128875030409054e-08,3.784079469734556e-08,A
2020-01-22 14:00:00,6.094281428758712e-08,3.563691846142612e-08,A
2020-01-22 15:00:00,4.280406804813569e-08,2.995189015946874e-08,A
2020-01-22 16:00:00,7.486656291022191e-08,2.7154004100651176e-08,A
2020-01-22 17:00:00,6.244269709995466e-08,3.0896052860676376e-08,A
2020-01-22 18:00:00,7.119544228972776e-08,3.850557326815483e-08,A
2020-01-22 19:00:00,7.430078786717168e-08,3.2016772046137416e-08,A
2020-01-22 20:00:00,7.03854721488637e-08,3.70847246004523e-08,A
2020-01-22 21:00:00,5.275708479334383e-08,3.321603388214716e-08,A
2020-01-22 22:00:00,6.37960509344409e-08,3.5055279022467627e-08,A
2020-01-22 23:00:00,1.140399487127266e-05,7.959964424418743e-06,M
2020-01-23 00:00:00,1.1387013012010348e-05,7.953670103558773e-06,M
2020-01-23 01:00:00,2.5984416704558995e-06,1.7967018557046922e-06,C
2020-01-23 02:00:00,2.8941616133451407e-06,2.0025316961723704e-06,C
2020-01-23 03:00:00,2.3001224508222222e-06,1.6085880748887621e-06,C
2020-01-23 04:00:00,1.6167832516196756e-06,1.1164476543729957e-06,C
2020-01-23 05:00:00,1.1229506242972526e-06,7.785740077506826e-07,C
2020-01-23 06:00:00,7.986733578764859e-07,5.454537760837567e-07,B
2020-01-23 07:00:00,5.565156480048543e-07,3.739488948362188e-07,B
2020-01-23 08:00:00,4.131502394680417e-07,2.769782481890721e-07,B
2020-01-23 09:00:00,2.9091375495260355e-07,1.9777350051458437e-07,B
2020-01-23 10:00:00,2.3116149282389852e-07,1.4809857079244023e-07,B
2020-01-23 11:00:00,1.7268827338835646e-07,1.1140768277459123e-07,B
2020-01-23 12:00:00,6.261293558157025e-08,2.290218558606461e-08,A
2020-01-23 13:00:00,4.973474562415653e-06,3.467979101295669e-06,C
2020-01-23 14:00:00,2.3781601575068765e-06,1.6610363982581656e-06,C
2020-01-23 15:00:00,1.163134690551059e-06,7.9670912231821e-07,C
2020-01-23 16:00:00,5.890884555440641e-07,3.8728730161916454e-07,B
2020-01-23 17:00:00,3.0591266068128245e-07,2.029018458928358e-07,B
2020-01-23 18:00:00,6.118851587842574e-08,3.6121958826673555e-08,A
2020-01-23 19:00:00,6.769806455165474e-08,2.92068093452795e-08,A
2020-01-23 20:00:00,7.830734685099775e-08,4.2003491136563155e-08,A
2020-01-23 21:00:00,9.189403651507611e-06,6.408213230192636e-06,C
2020-01-23 22:00:00,2.1060680648550715e-06,1.4613594280360028e-06,C
2020-01-23 23:00:00,8.115825434607197e-06,5.678311952546511e-06,C
2020-01-24 00:00:00,4.685222698845178e-06,3.26370042250299e-06,C
2020-01-24 01:00:00,2.8834323163648854e-06,1.9971526410111675e-06,C
2020-01-24 02:00:00,1.7767153885053013e-06,1.2248461413638446e-06,C
2020-01-24 03:00:00,1.1186357159226315e-06,7.672351444275873e-07,C
2020-01-24 04:00:00,6.880903819766074e-07,4.6904325507519326e-07,B
2020-01-24 05:00:00,4.446607937424409e-07,3.0476393156227556e-07,B
2020-01-24 06:00:00,8.068109385734484e-08,2.4841656850015623e-08,A
2020-01-24 07:00:00,4.589265488152124e-08,3.2446377585014994e-08,A
2020-01-24 08:00:00,5.1260760808393635e-08,3.993365739521833e-08,A
2020-01-24 09:00:00,7.564963899714036e-08,3.287392613932901e-08,A
2020-01-24 10:00:00,6.44456150336387e-08,2.45349118363427e-08,A
2020-01-24 11:00:00,5.599186929419676e-08,2.8803921515378337e-08,A
2020-01-24 12:00:00,3.688332704234712e-08,3.6105453008335605e-08,A
2020-01-24 13:00:00,8.113553582480429e-08,3.3710381763473016e-08,A
2020-01-24 14:00:00,3.2923891012961182e-06,2.3099430875145092e-06,C
2020-01-24 15:00:00,2.3467471385998765e-07,1.4098385037147146e-07,B
2020-01-24 16:00:00,9.385120163008088e-08,4.2142097230840184e-08,A
2020-01-24 17:00:00,7.196544997308029e-08,3.1817347143711753e-08,A
2020-01-24 18:00:00,7.259223679710749e-08,3.7028842275464726e-08,A
2020-01-24 19:00:00,7.61303856451576e-08,3.8088475961634744e-08,A
2020-01-24 20:00:00,8.005901094608563e-08,4.272837891639698e-08,A
2020-01-24 21:00:00,9.846702735187254e-08,3.784111288105453e-08,A
2020-01-24 22:00:00,6.747282493992008e-08,4.582183026257752e-08,A
2020-01-24 23:00:00,8.118085996170978e-08,4.5060677284657024e-08,A
2020-01-25 00:00:00,8.194677294494632e-08,4.539436606470739e-08,A
2020-01-25 01:00:00,9.118269394532421e-08,4.225007752282562e-08,A
2020-01-25 02:00:00,9.379839342082798e-08,4.231276277895516e-08,A
2020-01-25 03:00:00,8.202742123191381e-08,4.4746462170153194e-08,A
2020-01-25 04:00:00,7.460646656540784e-08,3.304342254503449e-08,A
2020-01-25 05:00:00,7.523206981282534e-08,3.9230392154602896e-08,A
2020-01-25 06:00:00,9.419243453242917e-08,4.283588721714588e-08,A
2020-01-25 07:00:00,6.848072286487095e-08,3.353367336688952e-08,A
2020-01-25 08:00:00,7.936112340974163e-08,3.287496913248872e-08,A
2020-01-25 09:00:00,8.591647442922252e-08,2.9020753926302793e-08,A
2020-01-25 10:00:00,8.100102663584443e-08,3.723300828735727e-08,A
2020-01-25 11:00:00,6.158724371204413e-07,4.3657446995932004e-07,B
2020-01-25 12:00:00,6.529970337616086e-07,4.328014136513806e-07,B
2020-01-25 13:00:00,7.904497840616922e-08,4.051019477524635e-08,A
2020-01-25 14:00:00,6.523312914708102e-08,3.487718410290437e-08,A
2020-01-25 15:00:00,9.18195749657675e-08,4.48477755002214e-08,A
2020-01-25 16:00:00,7.774974286309123e-08,3.549916109060084e-08,A
2020-01-25 17:00:00,9.764230966334854e-08,4.5547037035993434e-08,A
2020-01-25 18:00:00,8.650156755970368e-08,4.8895727843522167e-08,A
2020-01-25 19:00:00,1.0237499036653967e-07,3.7534726626695825e-08,B
2020-01-25 20:00:00,8.844665210479057e-08,4.897634454214806e-08,A
2020-01-25 21:00:00,9.554213178597754e-08,4.719360657885982e-08,A
2020-01-25 22:00:00,6.751642699281434e-08,5.143020304089972e-08,A
2020-01-25 23:00:00,1.0578676979039714e-07,5.032245983908474e-08,B
2020-01-26 00:00:00,1.0459502996079682e-07,5.2308737129583846e-08,B
2020-01-26 01:00:00,1.0277717763262333e-07,5.0954545090982e-08,B
2020-01-26 02:00:00,8.568476911504906e-08,4.954743750298227e-08,A
2020-01-26 03:00:00,1.0385673996195363e-07,4.906347490770333e-08,B
2020-01-26 04:00:00,4.368882250408202e-06,3.0349250892457097e-06,C
2020-01-26 05:00:00,4.361509364376884e-06,3.035173651048846e-06,C
2020-01-26 06:00:00,2.6778030929176914e-06,1.8601740790446214e-06,C
2020-01-26 07:00:00,1.657683176456245e-06,1.148526245910321e-06,C
2020-01-26 08:00:00,1.0568713293475254e-06,7.200327479033144e-07,C
2020-01-26 09:00:00,6.509859086370853e-07,4.427019650689733e-07,B
2020-01-26 10:00:00,4.2961521864521927e-07,2.8036082100123965e-07,B
2020-01-26 11:00:00,2.952830777591512e-07,1.97179572800821e-07,B
2020-01-26 12:00:00,9.303750231443108e-08,4.250195698611796e-08,A
2020-01-26 13:00:00,8.085204118947626e-08,3.661639551436714e-08,A
2020-01-26 14:00:00,1.0712241813378625e-07,4.250848233233868e-08,B
2020-01-26 15:00:00,9.107130377257903e-08,4.316265626471148e-08,A
2020-01-26 16:00:00,8.494891912876169e-08,4.510513256413086e-08,A
2020-01-26 17:00:00,7.808706894550148e-08,3.055343754035406e-08,A
2020-01-26 18:00:00,8.372235594341434e-08,4.113046153181285e-08,A
2020-01-26 19:00:00,1.0273258440326755e-07,5.1269116161265456e-08,B
2020-01-26 20:00:00,9.475789240729901e-08,6.080100347346494e-08,A
2020-01-26 21:00:00,1.1190836075945922e-07,5.4770818240318344e-08,B
2020-01-26 22:00:00,9.944643081840556e-08,5.6258481375691595e-08,A
2020-01-26 23:00:00,1.1211473456194513e-07,5.002016469471653e-08,B
2020-01-27 00:00:00,1.0256041618709436e-07,4.649422103009295e-08,B
2020-01-27 01:00:00,2.9300343547925037e-06,2.0284393807261275e-06,C
2020-01-27 02:00:00,7.459499824089349e-07,4.880467547811082e-07,B
2020-01-27 03:00:00,1.0358255524351367e-05,7.229919629618972e-06,M
2020-01-27 04:00:00,1.0223858325694225e-05,7.1167818188407345e-06,M
2020-01-27 05:00:00,7.056929006629434e-06,4.930049090805268e-06,C
2020-01-27 06:00:00,4.865811371943587e-06,3.398053212924539e-06,C
2020-01-27 07:00:00,3.382003897214279e-06,2.35521389401361e-06,C
2020-01-27 08:00:00,2.3482878114926013e-06,1.62383472145762e-06,C
2020-01-27 09:00:00,1.646523792488267e-06,1.1323187451426273e-06,C
2020-01-27 10:00:00,1.1624066441024514e-06,7.954275339463602e-07,C
2020-01-27 11:00:00,7.964451286219907e-07,5.568388597646334e-07,B
2020-01-27 12:00:00,3.986625997694205e-06,2.7612372252762363e-06,C
2020-01-27 13:00:00,1.694890859854796e-06,1.176943011431829e-06,C
2020-01-27 14:00:00,8.553881246062306e-07,5.699924396071865e-07,B
2020-01-27 15:00:00,4.5531398988319314e-07,2.9971881470702785e-07,B
2020-01-27 16:00:00,2.6587982353343206e-07,1.6941758615918504e-07,B
2020-01-27 17:00:00,1.0525858369375651e-07,5.195920997442825e-08,B
2020-01-27 18:00:00,9.196300228065618e-08,5.285792327778726e-08,A
2020-01-27 19:00:00,3.4006505583889807e-06,2.350778673192765e-06,C
2020-01-27 20:00:00,3.4136691270603388e-06,2.349991090608532e-06,C
2020-01-27 21:00:00,1.1598846207909093e-07,5.4594052397665255e-08,B
2020-01-27 22:00:00,1.1506387922572818e-07,5.889463631386232e-08,B
2020-01-27 23:00:00,1.2829922602908605e-07,5.7806382416625e-08,B
2020-01-28 00:00:00,1.149947435674798e-07,6.411926800082996e-08,B
2020-01-28 01:00:00,1.5240713092155379e-06,1.049041332374195e-06,C
2020-01-28 02:00:00,1.5333655357310176e-06,1.0511240882915232e-06,C
2020-01-28 03:00:00,9.817611069482437e-07,6.556878584376105e-07,B
2020-01-28 04:00:00,6.862381553120526e-06,4.784387268625477e-06,C
2020-01-28 05:00:00,7.477451621673627e-07,4.919766884112722e-07,B
2020-01-28 06:00:00,3.032519328770986e-07,1.9163435256732783e-07,B
2020-01-28 07:00:00,2.460434310496075e-07,1.31638590375449e-07,B
2020-01-28 08:00:00,1.6837178689750143e-07,9.572673681194875e-08,B
2020-01-28 09:00:00,1.0616934358420878e-07,5.593192068645209e-08,B
2020-01-28 10:00:00,1.1539693712082967e-07,5.6222961814157386e-08,B
2020-01-28 11:00:00,1.1677365047014548e-07,5.623868359984015e-08,B
2020-01-28 12:00:00,1.1685688588160569e-07,5.066317458751056e-08,B
2020-01-28 13:00:00,1.028052864779476e-07,5.287811939150135e-08,B
2020-01-28 14:00:00,9.699836323014739e-08,5.57899226138318e-08,A
2020-01-28 15:00:00,9.233575720422537e-08,6.317482512057428e-08,A
2020-01-28 16:00:00,1.229870357162658e-07,5.1401660553557574e-08,B
2020-01-28 17:00:00,1.1215025323617543e-07,5.467346043117856e-08,B
2020-01-28 18:00:00,1.0391885179452501e-07,5.4173581615282306e-08,B
2020-01-28 19:00:00,1.2059577535496698e-07,6.258732241626921e-08,B
2020-01-28 20:00:00,1.249520727303966e-07,5.953961389946148e-08,B
2020-01-28 21:00:00,1.3002130765238226e-07,6.152260242562417e-08,B
2020-01-28 22:00:00,7.291776609827387e-07,4.840257926891222e-07,B
2020-01-28 23:00:00,5.112329430192407e-07,3.292212633907111e-07,B
2020-01-29 00:00:00,3.798461693714258e-07,2.4852421661250323e-07,B
2020-01-29 01:00:00,2.918268665913651e-07,1.7764975872732101e-07,B
2020-01-29 02:00:00,5.720882367909338e-07,3.718504124581173e-07,B
2020-01-29 03:00:00,5.239851270060133e-07,3.440482282508785e-07,B
2020-01-29 04:00:00,3.8688896988064577e-07,2.390799455095335e-07,B
2020-01-29 05:00:00,2.632121951836944e-07,1.7378717089978666e-07,B
2020-01-29 06:00:00,1.4952566211314138e-06,1.011931474478524e-06,C
2020-01-29 07:00:00,4.4296222548341474e-07,2.9701825533766817e-07,B
2020-01-29 08:00:00,2.0435201013867005e-07,1.3256262639089746e-07,B
2020-01-29 09:00:00,1.4211163109276523e-07,7.350480914071558e-08,B
2020-01-29 10:00:00,1.0427648309443323e-07,6.122270098202402e-08,B
2020-01-29 11:00:00,1.1817989661643058e-07,5.7472501484448726e-08,B
2020-01-29 12:00:00,1.1021851599299033e-07,5.101070167851174e-08,B
2020-01-29 13:00:00,1.2594535094725214e-07,6.338841647446771e-08,B
2020-01-29 14:00:00,1.102473443188919e-07,6.48439571416598e-08,B
2020-01-29 15:00:00,1.0783661164558658e-07,6.030903931994696e-08,B
2020-01-29 16:00:00,1.1959659398067104e-07,6.94835635387747e-08,B
2020-01-29 17:00:00,1.4026668441988425e-07,6.359199321645341e-08,B
2020-01-29 18:00:00,1.3341943900164802e-07,6.519703553775325e-08,B
2020-01-29 19:00:00,1.3353424221581866e-07,6.32209186752642e-08,B
2020-01-29 20:00:00,1.2504948673312355e-07,7.029470433420157e-08,B
2020-01-29 21:00:00,1.5012581827695649e-07,7.22435926876397e-08,B
2020-01-29 22:00:00,1.3480848873539831e-07,6.635717172518493e-08,B
2020-01-29 23:00:00,1.3960338103999342e-07,6.44185151175234e-08,B
2020-01-30 00:00:00,1.5464913671557999e-07,7.510161253843076e-08,B
2020-01-30 01:00:00,1.598992069274657e-07,6.498469920833421e-08,B
2020-01-30 02:00:00,1.4593454401827058e-07,6.749987972601687e-08,B
2020-01-30 03:00:00,1.4956640386278258e-07,5.859986355891857e-08,B
2020-01-30 04:00:00,1.2830585590130612e-07,6.50045513375101e-08,B
2020-01-30 05:00:00,1.347186748808933e-07,7.185571193632047e-08,B
2020-01-30 06:00:00,1.3529592763743935e-07,6.845580070460746e-08,B
2020-01-30 07:00:00,1.1802813455713887e-07,6.573562009734402e-08,B
2020-01-30 08:00:00,1.3426055271741745e-07,7.2611621210951e-08,B
2020-01-30 09:00:00,1.20614943257735e-07,6.105838144549962e-08,B
2020-01-30 10:00:00,1.3984260815619377e-07,7.353716009846962e-08,B
2020-01-30 11:00:00,1.336378066650406e-07,6.173166595106265e-08,B
2020-01-30 12:00:00,1.0862190465051789e-07,6.339705233602336e-08,B
2020-01-30 13:00:00,1.1892239811933404e-07,7.45176200449695e-08,B
2020-01-30 14:00:00,1.2150143441279673e-07,6.906367187706868e-08,B
2020-01-30 15:00:00,1.339481074317968e-07,6.175161511883777e-08,B
2020-01-30 16:00:00,1.2686165271386833e-07,7.201228766120631e-08,B
2020-01-30 17:00:00,1.1785622291330263e-07,6.444995507732175e-08,B
2020-01-30 18:00:00,1.5630304682749592e-07,7.390251193343119e-08,B
2020-01-30 19:00:00,1.2038096183150732e-07,7.495048528187199e-08,B
2020-01-30 20:00:00,1.3177698296469765e-07,8.000367787192325e-08,B
2020-01-30 21:00:00,1.3258110917494056e-07,7.579553520658339e-08,B
2020-01-30 22:00:00,1.3764701622286963e-07,6.956826302731863e-08,B
2020-01-30 23:00:00,1.48814938317196e-07,7.982484635890627e-08,B
2020-01-31 00:00:00,1.4782463614437872e-07,7.539346086723588e-08,B
